index,url,valid,domain,title,description,image,published,archive,content,quote,language,keyword
https://www.bangkokpost.com/thailand/special-reports/3039026/bangkok-girds-for-big-rains,https://www.bangkokpost.com/thailand/special-reports/3039026/bangkok-girds-for-big-rains,0,www.bangkokpost.com,Bangkok girds for big rains,"As Thailand officially enters the 2025 monsoon season, concerns about prolonged heavy rainfall and potential flooding are rising, particularly in Bangkok.",https://static.bangkokpost.com/media/content/20250601/c1_3039026_250601061216_700.jpg,2025-06-01T01:12:00Z,https://web.archive.org/web/20250601073304/https://www.bangkokpost.com/thailand/special-reports/3039026/bangkok-girds-for-big-rains,"As Thailand officially enters the 2025 monsoon season, concerns about prolonged heavy rainfall and potential flooding are rising, particularly in Bangkok.
Already, fears abound that this year will b… [+7794 chars]",,en,'flooding rain'
https://economictimes.indiatimes.com/news/india/northeast-india-faces-deadly-floods-and-landslides-over-30-reported-dead-assam-and-arunachal-among-worst-hit/articleshow/121544816.cms,https://economictimes.indiatimes.com/news/india/northeast-india-faces-deadly-floods-and-landslides-over-30-reported-dead-assam-and-arunachal-among-worst-hit/articleshow/121544816.cms,0,economictimes.indiatimes.com,"Northeast India faces deadly floods and landslides: Over 30 reported dead, Assam and Arunachal among worst hit","Heavy rains triggered by a depression over north Bangladesh and Meghalaya caused deadly landslides and floods across five northeastern states in India, killing at least 32 people in 24 hours. Assam, Arunachal Pradesh, Meghalaya, Mizoram, and Nagaland bore the…","https://img.etimg.com/thumb/msid-121544821,width-1200,height-630,imgsize-1892917,overlay-economictimes/articleshow.jpg",2025-06-01T02:34:36Z,https://web.archive.org/web/20250601032747/https://economictimes.indiatimes.com/news/india/northeast-india-faces-deadly-floods-and-landslides-over-30-reported-dead-assam-and-arunachal-among-worst-hit/articleshow/121544816.cms,"At least 32 people have died in the past 24 hours as heavy rains battered five northeastern states of India. A depression over north Bangladesh and adjoining Meghalaya triggered intense rainfall, lea… [+5454 chars]",,en,'floods'
https://economictimes.indiatimes.com/news/india/build-satellite-towns-instead-of-giving-extra-fsi-to-get-out-of-infrastructure-chakravyuha-gadgil/articleshow/121545068.cms,https://economictimes.indiatimes.com/news/india/build-satellite-towns-instead-of-giving-extra-fsi-to-get-out-of-infrastructure-chakravyuha-gadgil/articleshow/121545068.cms,0,economictimes.indiatimes.com,Build satellite towns instead of giving extra FSI to get out of infrastructure 'chakravyuha': Gadgil,"Anant Gadgil suggests halting additional FSI in Mumbai and Pune due to infrastructure saturation and increased flooding. He proposes developing satellite townships with incentives for companies to relocate, ensuring employee residency to ease traffic. Gadgil …","https://img.etimg.com/thumb/msid-121545167,width-1200,height-630,imgsize-287704,overlay-economictimes/articleshow.jpg",2025-06-01T03:28:04Z,https://web.archive.org/web/20250601043541/https://economictimes.indiatimes.com/news/india/build-satellite-towns-instead-of-giving-extra-fsi-to-get-out-of-infrastructure-chakravyuha-gadgil/articleshow/121545068.cms,"Mumbai: As mega urban centres like Mumbai and Pune are getting trapped in the 'chakravyuha' of flyovers and roads and reaching a saturation point, the government should stop giving additional floor s… [+5188 chars]",,en,'flooding rain'
https://timesofindia.indiatimes.com/city/agartala/flash-floods-waterlogging-hit-agartala-life-disrupted-imd-issues-heavy-rainfall-alert/articleshow/121545901.cms,https://timesofindia.indiatimes.com/city/agartala/flash-floods-waterlogging-hit-agartala-life-disrupted-imd-issues-heavy-rainfall-alert/articleshow/121545901.cms,0,timesofindia.indiatimes.com,"Flash floods, waterlogging hit Agartala, life disrupted; IMD issues heavy rainfall alert","Agartala grapples with severe flash floods following incessant monsoon rains, disrupting normal life and prompting the displacement of over 6000 residents. The Chief Minister is monitoring the situation, while the administration has opened relief camps. IMD f…","https://static.toiimg.com/thumb/msid-121546131,width-1070,height-580,imgsize-12530,resizemode-75,overlay-toi_sw,pt-32,y_pad-40/photo.jpg",2025-06-01T05:44:36Z,https://web.archive.org/web/20250601071124/https://timesofindia.indiatimes.com/city/agartala/flash-floods-waterlogging-hit-agartala-life-disrupted-imd-issues-heavy-rainfall-alert/articleshow/121545901.cms,"Mouni Roys golden saree look after Cannes is so stunning, youll want to screenshot!",,en,'floods'
https://www.npr.org/2025/06/01/nx-s1-5379918/hurricane-helene-north-carolina-housing-crisis,https://www.npr.org/2025/06/01/nx-s1-5379918/hurricane-helene-north-carolina-housing-crisis,0,www.npr.org,North Carolina had a housing crisis before Hurricane Helene; now it's even worse,Hurricanes have gotten larger and wetter because of climate change and inland communities are at greater risk from heavy flooding. That's what Hurricane Helene did to western North Carolina last year.,https://npr.brightspotcdn.com/dims3/default/strip/false/crop/4000x2250+0+0/resize/1400/quality/100/format/jpeg/?url=http%3A%2F%2Fnpr-brightspot.s3.amazonaws.com%2Ffd%2Ff1%2F56ab0b3744bebebab4829804ae9e%2Fhammar-nc-flooding-web-1.jpg,2025-06-01T10:00:00Z,,"FAIRVIEW, N.C. Before Hurricane Helene last September, Stuart and Jackie Pacheo's home was wedged between the highway and a small creek in this town just outside Asheville.
""We're standing in what u… [+12280 chars]",,en,'flooding'
https://phys.org/news/2025-06-sudden-hailstorm-lashes-egypt-alexandria.html,https://phys.org/news/2025-06-sudden-hailstorm-lashes-egypt-alexandria.html,0,phys.org,Sudden hailstorm lashes Egypt's Alexandria,"An unseasonal rainstorm battered the Egyptian city of Alexandria on Saturday, flooding roads and damaging seafront businesses in the latest bout of erratic weather to hit the region.",https://scx2.b-cdn.net/gfx/news/2025/hailstones-covered-the.jpg,2025-06-01T10:30:02Z,https://web.archive.org/web/20250601104130/https://phys.org/news/2025-06-sudden-hailstorm-lashes-egypt-alexandria.html,"An unseasonal rainstorm battered the Egyptian city of Alexandria on Saturday, flooding roads and damaging seafront businesses in the latest bout of erratic weather to hit the region.
Hailstones pelt… [+1670 chars]",,en,'flooding rain'
https://www.aljazeera.com/news/2025/6/1/dozens-killed-in-indias-northeast-after-rains-trigger-floods-landslides,https://www.aljazeera.com/news/2025/6/1/dozens-killed-in-indias-northeast-after-rains-trigger-floods-landslides,0,www.aljazeera.com,"Dozens killed in India’s northeast after rains trigger floods, landslides",Relentless monsoon rains across the northeastern states leave a trail of deaths and destruction.,https://www.aljazeera.com/wp-content/uploads/2025/06/000_48PV2C8-1748767385.jpg?resize=1200%2C675,2025-06-01T11:03:20Z,https://web.archive.org/web/20250601112117/http://www.aljazeera.com/news/2025/6/1/dozens-killed-in-indias-northeast-after-rains-trigger-floods-landslides,"At least 30 people have died in Indias northeast after relentless monsoon rains caused floods and landslides over the weekend, Indian officials and media reports say.
Authorities on Sunday said at l… [+2325 chars]",,en,'floods'
https://www.aljazeera.com/news/2025/6/1/nigeria-flash-floods-which-is-most-affected-area-what-caused-the-deluge,https://www.aljazeera.com/news/2025/6/1/nigeria-flash-floods-which-is-most-affected-area-what-caused-the-deluge,0,www.aljazeera.com,"Nigeria flash floods: Which is most affected area, what caused the deluge?",At least 150 people killed and many more missing after torrential rains cause flooding in Mokwa city in Niger State.,https://www.aljazeera.com/wp-content/uploads/2025/06/AP25150778188586-1748760717.jpg?resize=1920%2C1440,2025-06-01T11:44:02Z,https://web.archive.org/web/20250601121019/http://www.aljazeera.com/news/2025/6/1/nigeria-flash-floods-which-is-most-affected-area-what-caused-the-deluge,"Flash floods triggered by heavy rains have devastated a central Nigerian state, killing at least 150 people and displacing thousands since Thursday, and rescue workers say the toll could rise.
Searc… [+6233 chars]",,en,'floods'
https://www.fark.com/comments/13691524/Day-1194-of-WW3-Europe-faces-reality-plans-on-helping-Ukraine-without-US-OPEC-drives-down-oil-prices-over-Moscows-objections-russian-disinformation-is-flooding-Poland-ahead-of-todays-election-This-is-your-Sunday-Ukraine-War-conversation,https://www.fark.com/comments/13691524/Day-1194-of-WW3-Europe-faces-reality-plans-on-helping-Ukraine-without-US-OPEC-drives-down-oil-prices-over-Moscows-objections-russian-disinformation-is-flooding-Poland-ahead-of-todays-election-This-is-your-Sunday-Ukraine-War-conversation,0,www.fark.com,"Day 1,194 of WW3. Europe faces reality, plans on helping Ukraine without US. OPEC drives down oil prices over Moscow's objections, and russian disinformation is flooding Poland ahead of today's election. This is your Sunday Ukraine War conversation [News]","Day 1,194 of WW3. Europe faces reality, plans on helping Ukraine without US. OPEC drives down oil prices over Moscow's objections, and russian disinformation is flooding Poland ahead of today's election. This is your Sunday Ukraine War conversation",https://usrimg-full.fark.net/l/lB/fark_lBfskpMREabr69ZqzjjDKfHta4c.jpg?AWSAccessKeyId=JO3ELGV4BGLFW7Y3EZXN&Expires=1749441600&Signature=mfdsF02WiGwLjjYZdfLSjpGqx6E%3D,2025-06-01T12:00:00Z,,"Today's news feeds from Kyiv:KYIV POSThttps://www.kyivpost.com/topic/war-in-ukraine
Russian Losses in Ukraine: 988,560 Troops Out of Commission as of June 1Daily updates from the General Staff of th… [+4874 chars]",,en,'flooding rain'
https://www.npr.org/sections/goats-and-soda/2025/06/01/g-s1-69308/the-women-of-no-sex-for-fish-are-survivors-but-their-survival-is-precarious,https://www.npr.org/sections/goats-and-soda/2025/06/01/g-s1-69308/the-women-of-no-sex-for-fish-are-survivors-but-their-survival-is-precarious,0,www.npr.org,The women of No Sex for Fish are survivors — but their survival is precarious,"A group of women in Kenya rebelled against trading sex for a fisherman's catch to sell. They got their own boats, had success — but in past years have faced floods and now fears about HIV medications.",https://npr.brightspotcdn.com/dims3/default/strip/false/crop/3000x1688+0+156/resize/1400/quality/100/format/jpeg/?url=http%3A%2F%2Fnpr-brightspot.s3.amazonaws.com%2F87%2Fad%2F84865a32419da975c2398c2b7cbf%2Fmg-7502-juliagunther.jpg,2025-06-01T12:49:51Z,,"""Our members are surviving with grace,"" says Justine Adhiambo Obura, the chairperson of No Sex for Fish.
She's talking about a cooperative of 20 women who did the unthinkable. They are fishmongers f… [+10913 chars]",,en,'floods'
https://www.bbc.com/news/articles/cdd2n66pg82o,https://www.bbc.com/news/articles/cdd2n66pg82o,0,www.bbc.com,'I watched helplessly as water washed my family away' in Nigeria floods,Residents of a Nigeria town tell the BBC they are homeless and penniless after devastating floods.,https://ichef.bbci.co.uk/news/1024/branded_news/e92c/live/e723b130-3ec9-11f0-835b-310c7b938e84.jpg,2025-06-01T14:06:16Z,https://web.archive.org/web/20250601141152/https://www.bbc.com/news/articles/cdd2n66pg82o,"Azeezat Olaoluwa
Mr Yusuf lost his wife and newborn baby in the floods which swept through his town
Adamu Yusuf's life has been upended since he lost nine of his family members in Tiffin Maza, one … [+6437 chars]",,en,'flooding rain'
https://www.bbc.com/news/articles/c071jz90pj8o,https://www.bbc.com/news/articles/c071jz90pj8o,0,www.bbc.com,"Death toll in Nigeria floods hits more than 200, officials say","There are 500 people missing in the town of Mokwa, but officials fear no more survivors will be found.",https://ichef.bbci.co.uk/news/1024/branded_news/66d8/live/83303460-3ee6-11f0-835b-310c7b938e84.jpg,2025-06-01T15:02:34Z,https://web.archive.org/web/20250601151252/https://www.bbc.com/news/articles/c071jz90pj8o,"The death toll after deadly floods hit the Nigerian town of Mokwa on Thursday has risen to more than 200, officials say.
There are still 500 people missing in the town in north-central Niger State, … [+1412 chars]",,en,'floods'
https://economictimes.indiatimes.com/news/india/one-dies-as-heavy-rain-lashes-agartala-other-parts-of-tripura-red-alert-issued-for-downpours/articleshow/121552254.cms,https://economictimes.indiatimes.com/news/india/one-dies-as-heavy-rain-lashes-agartala-other-parts-of-tripura-red-alert-issued-for-downpours/articleshow/121552254.cms,0,economictimes.indiatimes.com,"One dies as heavy rain lashes Agartala, other parts of Tripura; 'red' alert issued for downpours","Tripura grapples with severe flooding after record rainfall, particularly in Agartala, where 200 mm of rain fell in three hours. A man died after falling into a manhole amidst the inundation. Over 10,600 people have been evacuated to relief camps across the s…","https://img.etimg.com/thumb/msid-121552262,width-1200,height-630,imgsize-81930,overlay-economictimes/articleshow.jpg",2025-06-01T16:21:10Z,https://web.archive.org/web/20250601170858/https://economictimes.indiatimes.com/news/india/one-dies-as-heavy-rain-lashes-agartala-other-parts-of-tripura-red-alert-issued-for-downpours/articleshow/121552254.cms,"A man died after he fell into a manhole as incessant rain caused massive inundation across Tripura, with the state's capital Agartala witnessing a record rainfall of around 200 mm in just three hours… [+3849 chars]",,en,'flooding rain'
https://economictimes.indiatimes.com/news/india/floods-landslides-cause-destruction-in-northeastern-states-imd-predicts-heavy-rains-till-june-3/articleshow/121554087.cms,https://economictimes.indiatimes.com/news/india/floods-landslides-cause-destruction-in-northeastern-states-imd-predicts-heavy-rains-till-june-3/articleshow/121554087.cms,0,economictimes.indiatimes.com,"Floods, landslides cause destruction in Northeastern states; IMD predicts heavy rains till June 3","Northeast India is grappling with severe flooding and landslides due to heavy rains, resulting in multiple fatalities across Assam and Arunachal Pradesh. Authorities are providing aid and rescue operations are underway in Assam, Manipur, and Tripura. The situ…","https://img.etimg.com/thumb/msid-121554256,width-1200,height-630,imgsize-268208,overlay-economictimes/articleshow.jpg",2025-06-01T17:58:58Z,https://web.archive.org/web/20250601182233/https://economictimes.indiatimes.com/news/india/floods-landslides-cause-destruction-in-northeastern-states-imd-predicts-heavy-rains-till-june-3/articleshow/121554087.cms,"Guwahati: As the northeast region reels under heavy rains, with various areas in Assam, Manipur, Tripura, Sikkim, Arunachal Pradesh and more are experiencing flooding, landslides and increasing river… [+8733 chars]",,en,'flooding'
https://abcnews.go.com/International/wireStory/death-toll-reaches-200-nigerian-town-submerged-floods-122399606,https://abcnews.go.com/International/wireStory/death-toll-reaches-200-nigerian-town-submerged-floods-122399606,0,abcnews.go.com,Death toll reaches at least 200 in Nigerian town submerged in floods as rescue efforts halted,"The death toll from devastating flooding in a market town in Nigeria’s north-central state of Niger rose to at least 200 on Sunday, a local official said",https://i.abcnewsfe.com/a/5d37f47b-942c-4f41-ba92-1edee4fe4336/wirestory_c3f8432a7aae4a13f7a643734a93c0b1_16x9.jpg?w=1600,2025-06-01T19:58:24Z,https://web.archive.org/web/20250601214126/https://abcnews.go.com/International/wireStory/death-toll-reaches-200-nigerian-town-submerged-floods-122399606,"ABUJA, Nigeria -- The death toll from devastating flooding in a market town in Nigerias north-central state of Niger rose to at least 200 on Sunday, a local official said.
Torrents of predawn rainfa… [+1889 chars]",,en,'flooding'
https://economictimes.indiatimes.com/news/international/us/2025-hurricane-season-unseen-floods-lightning-fast-storms-and-inland-fury-threaten-millions-in-us-beyond-the-coastline/articleshow/121556472.cms,https://economictimes.indiatimes.com/news/international/us/2025-hurricane-season-unseen-floods-lightning-fast-storms-and-inland-fury-threaten-millions-in-us-beyond-the-coastline/articleshow/121556472.cms,0,economictimes.indiatimes.com,"2025 hurricane season: Unseen floods, lightning-fast storms, and inland fury threaten millions in US beyond the coastline","National Hurricane Center urges readiness as the 2025 Atlantic hurricane season begins, recalling Hurricane Helene's devastation with 251 deaths and $78.7 billion in damages. Director Michael Brennan stresses understanding personal risk, advance planning, and…","https://img.etimg.com/thumb/msid-121556473,width-1200,height-630,imgsize-103,overlay-economictimes/articleshow.jpg",2025-06-01T21:47:36Z,https://web.archive.org/web/20250601220635/https://economictimes.indiatimes.com/news/international/us/2025-hurricane-season-unseen-floods-lightning-fast-storms-and-inland-fury-threaten-millions-in-us-beyond-the-coastline/articleshow/121556472.cms,"National Hurricane Center (NHC) Director Michael Brennan urges Americans to prepare as the 2025 Atlantic hurricane season begins, emphasizing that understanding personal risk is crucial. Reflecting o… [+2279 chars]",,en,'floods'
https://www.bangkokpost.com/thailand/special-reports/3039852/stemming-the-floodwaters,https://www.bangkokpost.com/thailand/special-reports/3039852/stemming-the-floodwaters,0,www.bangkokpost.com,Stemming the floodwaters,"Last year, floods in Mae Sai district of Chiang Rai province caused economic losses in the millions.",https://static.bangkokpost.com/media/content/20250602/c1_3039852_250602054311_700.jpg,2025-06-01T22:39:00Z,https://web.archive.org/web/20250602024041/https://www.bangkokpost.com/thailand/special-reports/3039852/stemming-the-floodwaters,"Last year, floods in Mae Sai district of Chiang Rai province caused economic losses in the millions.
Experts believe this could be the beginning of an annual pattern of damage caused by severe natur… [+4674 chars]",,en,'floods'
https://thehillstimes.in/assam/centre-assures-help-as-assam-battles-floods,https://thehillstimes.in/assam/centre-assures-help-as-assam-battles-floods,0,thehillstimes.in,Centre assures help as Assam battles floods,"HT Bureau GUWAHATI, June 1: Chief Minister Himanta Biswa Sarma on Sunday warned of a sharp rise in river levels across the state following intense rainfall in neighbouring Arunachal Pradesh. Taking to the micro-blogging site X, Sarma urged people to remain ca…",https://thehillstimes.in/wp-content/uploads/2025/06/Lead-3-768x512.jpg,2025-06-01T23:15:00Z,,"HT Bureau
GUWAHATI, June 1: Chief Minister Himanta Biswa Sarma on Sunday warned of a sharp rise in river levels across the state following intense rainfall in neighbouring Arunachal Pradesh.
Taking… [+2687 chars]",,en,'floods'
https://www.yahoo.com/news/least-34-dead-indias-northeast-072401808.html,https://www.yahoo.com/news/least-34-dead-indias-northeast-072401808.html,0,www.yahoo.com,At least 34 dead in India's northeast after heavy floods,BHUBANESWAR/DHAKA (Reuters) -At least 34 people have died in India's northeastern region after heavy floods caused landslides over the last four days...,https://media.zenfs.com/en/reuters.com/aecedfa554d78ada5e3451c3ce05e64c,2025-06-02T07:24:01Z,,"BHUBANESWAR/DHAKA (Reuters) -At least 34 people have died in India's northeastern region after heavy floods caused landslides over the last four days, authorities and media said on Monday, and the we… [+1295 chars]",,en,'floods'
https://www.nbcnews.com/world/africa/least-200-killed-floods-submerge-nigerian-trading-hub-rcna210303,https://www.nbcnews.com/world/africa/least-200-killed-floods-submerge-nigerian-trading-hub-rcna210303,0,www.nbcnews.com,At least 200 killed as floods submerge Nigerian trading hub,"The death toll from devastating flooding in a market town in Nigeria’s north-central state of Niger rose to at least 200 on Sunday, a local official said.","https://media-cldnry.s-nbcnews.com/image/upload/t_nbcnews-fp-1200-630,f_auto,q_auto:best/rockcms/2025-06/250602-Nigeria-2-RS-d6c423.jpg",2025-06-02T09:05:23Z,https://web.archive.org/web/20250602092642/https://www.nbcnews.com/world/africa/least-200-killed-floods-submerge-nigerian-trading-hub-rcna210303,"ABUJA, Nigeria The death toll from devastating flooding in a market town in Nigerias north-central state of Niger rose to at least 200 on Sunday, a local official said.
Torrents of predawn rainfall … [+2038 chars]",,en,'flooding'
https://www.rt.com/africa/618495-153-deaths-catastrophic-flooding-nigeria/,https://www.rt.com/africa/618495-153-deaths-catastrophic-flooding-nigeria/,0,www.rt.com,Over 150 killed in catastrophic flooding in African state (VIDEO),Nigerian officials have confirmed 153 fatalities and mass displacement following catastrophic flooding in Mokwa Read Full Article at RT.com,https://mf.b37mrtl.ru/files/2025.06/article/683d740885f5404d0418a37b.png,2025-06-02T10:13:20Z,https://web.archive.org/web/20250602105554/https://www.rt.com/africa/618495-153-deaths-catastrophic-flooding-nigeria/,"The death toll from flooding in central Nigeria has reached 153, local authorities confirmed on Saturday, as search-and-rescue efforts continue.
The updated figures were provided by Ibrahim Hussaini… [+1810 chars]",,en,'flooding climate change'
https://www.aljazeera.com/gallery/2025/6/2/people-in-burundi-struggle-amid-lake-tanganyikas-endless-flooding,https://www.aljazeera.com/gallery/2025/6/2/people-in-burundi-struggle-amid-lake-tanganyikas-endless-flooding,0,www.aljazeera.com,People in Burundi struggle amid Lake Tanganyika’s endless flooding,"Climate change drives severe flooding, displacing families, spreading disease, and leaving urgent aid gaps.",https://www.aljazeera.com/wp-content/uploads/2025/06/AFP__20250528__484U296__v2__HighRes__BurundiClimateEnvironmentTanganyika-1748853670.jpg?resize=1920%2C1440,2025-06-02T10:18:46Z,https://web.archive.org/web/20250602103632/https://www.aljazeera.com/gallery/2025/6/2/people-in-burundi-struggle-amid-lake-tanganyikas-endless-flooding,"Asha, a mother-of-four, found herself once again donning rubber boots inside her living room the recurring cost of residing near Lake Tanganyika in Burundi, where climate change and relentless floodi… [+2700 chars]",,en,'flooding climate change'
https://news.un.org/en/story/2025/06/1163951,https://news.un.org/en/story/2025/06/1163951,0,news.un.org,Deadly flooding in Nigeria displaces thousands,"Flash flooding in western Nigeria at the weekend has caused devastation around the town of Mokwa in Niger state, leaving more than 150 dead and 3,000 people displaced – more than half of whom are children aged 12 and under – the UN said on Monday. Read Full S…",https://global.unitednations.entermediadb.net/assets/mediadb/services/module/asset/downloads/preset/Libraries/Production%20Library/02-06-2025-Nigeria-RC-flooding-01.jpg/image770x420cropped.jpg,2025-06-02T12:00:00Z,,"Nigerian officials estimate that over 500 people are still missing and presumed dead, according to news reports.
Deputy Secretary-General Amina Mohammed, a former Nigerian Government minister, said … [+2334 chars]",,en,'flooding climate change'
https://www.gamespot.com/articles/007-first-light-is-hitman-devs-james-bond-game-will-be-revealed-this-week/1100-6531985/,https://www.gamespot.com/articles/007-first-light-is-hitman-devs-james-bond-game-will-be-revealed-this-week/1100-6531985/,0,www.gamespot.com,"007: First Light Is Hitman Dev's James Bond Game, Will Be Revealed This Week","With Summer Game Fest coming at the end of the week, the deluge of video game news that accompanies the annual event is set to begin soon. IO Interactive has kicked things off with the news that Project 007--the studio's new adventure starring famous spy Jame…",https://www.gamespot.com/a/uploads/screen_kubrick/3/37852/4504996-bond.jpg,2025-06-02T15:12:00Z,https://web.archive.org/web/20250602153331/https://www.gamespot.com/articles/007-first-light-is-hitman-devs-james-bond-game-will-be-revealed-this-week/1100-6531985/,"With Summer Game Fest coming at the end of the week, the deluge of video game news that accompanies the annual event is set to begin soon. IO Interactive has kicked things off with the news that Proj… [+193 chars]",,en,'deluge'
https://www.dw.com/en/nigeria-desperation-grows-as-aid-delays-hit-floods/a-72764840,https://www.dw.com/en/nigeria-desperation-grows-as-aid-delays-hit-floods/a-72764840,0,www.dw.com,Nigeria: Desperation grows as aid delays hit floods,Thousands of people have been left homeless and hungry after devastating floods hit central Nigeria. Survivors say help is not coming fast enough.,https://static.dw.com/image/72756215_6.jpg,2025-06-02T15:34:00Z,,"Authorities in Nigeria say at least 200 people are now known to have died from major floods in the country's north-central state of Niger. Hundreds more are feared missing.
In Mokwa, the worst-hit a… [+4779 chars]",,en,'floods'
https://theconversation.com/how-medieval-lessons-for-managing-floods-could-help-those-facing-them-in-northern-italy-today-257062,https://theconversation.com/how-medieval-lessons-for-managing-floods-could-help-those-facing-them-in-northern-italy-today-257062,0,theconversation.com,How medieval lessons for managing floods could help those facing them in northern Italy today,Living with a river rather than fighting it was how medieval people were able to survive,https://images.theconversation.com/files/671528/original/file-20250602-56-xcw2pb.png?ixlib=rb-4.1.0&rect=0%2C0%2C2000%2C1000&q=45&auto=format&w=1356&h=668&fit=crop,2025-06-02T16:26:42Z,https://web.archive.org/web/20250603085436/https://theconversation.com/how-medieval-lessons-for-managing-floods-could-help-those-facing-them-in-northern-italy-today-257062,"Saint Fredianus diverts the Serchio River by Filippo Lippi, 1438
 Wikiart
Northern Italy has been hit by a series of devastating floods in recent years. In March 2025 and the previous autumn, heavy … [+5693 chars]",,en,'floods'
https://science.slashdot.org/story/25/06/02/172202/web-scraping-ai-bots-cause-disruption-for-scientific-databases-and-journals,https://science.slashdot.org/story/25/06/02/172202/web-scraping-ai-bots-cause-disruption-for-scientific-databases-and-journals,0,science.slashdot.org,Web-Scraping AI Bots Cause Disruption For Scientific Databases and Journals,"Automated web-scraping bots seeking training data for AI models are flooding scientific databases and academic journals with traffic volumes that render many sites unusable. The online image repository DiscoverLife, which contains nearly 3 million species pho…",https://a.fsdn.com/sd/topics/ai_64.png,2025-06-02T17:25:00Z,,Automated web-scraping bots seeking training data for AI models are flooding scientific databases and academic journals with traffic volumes that render many sites unusable. The online image reposito… [+878 chars],,en,'flooding'
https://www.sciencedaily.com/releases/2025/06/250602155338.htm,https://www.sciencedaily.com/releases/2025/06/250602155338.htm,0,www.sciencedaily.com,Coastal flooding more frequent than previously thought,"Flooding in coastal communities is happening far more often than previously thought, according to a new study. The study also found major flaws with the widely used approach of using marine water level data to capture instances of flooding.",https://www.sciencedaily.com/images/scidaily-icon.png,2025-06-02T19:53:38Z,https://web.archive.org/web/20250602232904/https://www.sciencedaily.com/releases/2025/06/250602155338.htm,"Flooding in coastal communities is happening far more often than previously thought, according to a new study from North Carolina State University and the University of North Carolina at Chapel Hill.… [+5651 chars]",,en,'flooding'
https://www.abc.net.au/news/2025-06-03/dairy-farmers-disappointed-farm-milk-prices/105346496,https://www.abc.net.au/news/2025-06-03/dairy-farmers-disappointed-farm-milk-prices/105346496,0,www.abc.net.au,Struggling dairy farmers disappointed with milk prices,"""Farm exits"" are predicted amid drought and floods as dairy companies announce their minimum farm gate milk prices for the next financial year.",https://live-production.wcms.abc-cdn.net.au/0193efa079d006d183e51ad3694c3fe3?impolicy=wcms_watermark_news&cropH=2583&cropW=4592&xPos=0&yPos=0&width=862&height=485&imformat=generic,2025-06-02T21:15:10Z,,"Dairy farmers have been disappointed by the farm gate milk prices announced for the next financial year as they continue to struggle with drought and floods.
Dairy companies have revealed their open… [+3800 chars]",,en,'floods'
https://press.un.org/en/2025/db250602.doc.htm,https://press.un.org/en/2025/db250602.doc.htm,0,press.un.org,Daily Press Briefing by the Office of the Spokesperson for the Secretary-General,"In Nigeria, the Office for the Coordination of Humanitarian Affairs and humanitarian partners continue to support the response to the devastating floods in the north-central part of the country. More than 500 households were impacted and over 3,000 people dis…",,2025-06-02T21:23:45Z,,"The following is a near-verbatim transcript of todays briefing by Stéphane Dujarric, Spokesperson for the Secretary-General.
**Briefings
Just a programming note.  Tomorrow, our guest at the Noon-is… [+25271 chars]",,en,'floods'
https://economictimes.indiatimes.com/news/india/assam-meghalaya-cms-join-hands-to-tackle-guwahati-urban-flooding/articleshow/121585564.cms,https://economictimes.indiatimes.com/news/india/assam-meghalaya-cms-join-hands-to-tackle-guwahati-urban-flooding/articleshow/121585564.cms,0,economictimes.indiatimes.com,"Assam, Meghalaya CMs join hands to tackle Guwahati urban flooding","Assam and Meghalaya are collaborating to address Guwahati's urban flooding, tasking NESAC with satellite mapping and seeking IIT Roorkee's expertise for solutions. They're also jointly developing the Kulsi Irrigation and Power projects. Assam's CM Sarma asses…","https://img.etimg.com/thumb/msid-121585563,width-1200,height-630,imgsize-21826,overlay-economictimes/articleshow.jpg",2025-06-03T03:25:44Z,https://web.archive.org/web/20250603035012/https://economictimes.indiatimes.com/news/india/assam-meghalaya-cms-join-hands-to-tackle-guwahati-urban-flooding/articleshow/121585564.cms,Guwahati: Chief Ministers Assam and Meghalaya agreed to find a solution to the urban flooding issue in Guwahati which benefits both States. The states have agreed to entrust North-Eastern Space Appli… [+2835 chars],,en,'flooding'
https://www.globalsecurity.org/military/library/news/2025/06/mil-250602-unnews04.htm,https://www.globalsecurity.org/military/library/news/2025/06/mil-250602-unnews04.htm,0,www.globalsecurity.org,Deadly flooding in Nigeria displaces thousands,"Flash flooding in western Nigeria at the weekend has caused devastation around the town of Mokwa in Niger state, leaving more than 150 dead and 3,000 people displaced - more than half of whom are children aged 12 and under - the UN said on Monday.",,2025-06-03T08:28:40Z,,"2 June 2025 - Flash flooding in western Nigeria at the weekend has caused devastation around the town of Mokwa in Niger state, leaving more than 150 dead and 3,000 people displaced - more than half o… [+2720 chars]",,en,'flooding'
https://www.rt.com/india/618578-over-500000-people-affected-by/,https://www.rt.com/india/618578-over-500000-people-affected-by/,0,www.rt.com,"Over 500,000 people affected by floods in Himalayan region (VIDEOS)",A heavy deluge in the northeastern part of India has caused over 30 deaths Read Full Article at RT.com,https://mf.b37mrtl.ru/files/2025.06/article/683ec2292030275be136954e.png,2025-06-03T09:59:28Z,https://web.archive.org/web/20250603101008/https://www.rt.com/india/618578-over-500000-people-affected-by/,"Heavy floods in the Himalayan region of India have caused at least 36 deaths and affected more than 500,000 people, the authorities and media said on Monday.
Landslides, floods, and lightning storms… [+1852 chars]",,en,'deluge'
https://timesofindia.indiatimes.com/world/rest-of-world/nigeria-flooding-death-toll-jumps-past-200/articleshow/121600366.cms,https://timesofindia.indiatimes.com/world/rest-of-world/nigeria-flooding-death-toll-jumps-past-200/articleshow/121600366.cms,0,timesofindia.indiatimes.com,Nigeria flooding death toll jumps past 200,"Flash flooding in north-central Nigeria last week killed more than 200 people, the Niger state humanitarian commissioner said Tuesday, while hundreds more remain missing and are feared dead. Given the number of people still missing nearly a week later, the to…","https://static.toiimg.com/thumb/msid-121600502,width-1070,height-580,imgsize-1608551,resizemode-75,overlay-toi_sw,pt-32,y_pad-40/photo.jpg",2025-06-03T14:02:23Z,,10 baby girl names inspired by colourful Indian flowers,,en,'flooding'
https://economictimes.indiatimes.com/news/india/centre-steps-in-as-northeast-battles-floods/articleshow/121606445.cms,https://economictimes.indiatimes.com/news/india/centre-steps-in-as-northeast-battles-floods/articleshow/121606445.cms,0,economictimes.indiatimes.com,Centre steps in as Northeast battles floods,"Prime Minister Narendra Modi has pledged support to Assam, Sikkim, and Manipur, which are grappling with severe floods. He spoke with the respective chief ministers and the governor, assuring them of full central government assistance for relief and rehabilit…","https://img.etimg.com/thumb/msid-121606465,width-1200,height-630,imgsize-166212,overlay-economictimes/articleshow.jpg",2025-06-03T19:21:19Z,https://web.archive.org/web/20250603201253/https://economictimes.indiatimes.com/news/india/centre-steps-in-as-northeast-battles-floods/articleshow/121606445.cms,"Guwahati: Prime Minister Narendra Modi has assured assistance to the flood-hit states of Assam, Sikkim and Manipur.Modi on Tuesday discussed the situation with the chief ministers of Assam and Sikkim… [+1314 chars]",,en,'floods'
https://japantoday.com/category/world/nigeria-flooding-death-toll-jumps-past-200,https://japantoday.com/category/world/nigeria-flooding-death-toll-jumps-past-200,0,japantoday.com,Nigeria flooding death toll jumps past 200,"Flash flooding in north-central Nigeria last week killed more than 200 people, the Niger state humanitarian commissioner said Tuesday, while hundreds more remain missing and are feared dead. The town of Mokwa was hit with the worst flash flood in living memor…",,2025-06-03T21:44:40Z,,"Flash flooding in north-central Nigeria last week killed more than 200 people, the Niger state humanitarian commissioner said Tuesday, while hundreds more remain missing and are feared dead.
The tow… [+2754 chars]",,en,'flooding death'
https://thehillstimes.in/assam/assam-flood-crisis-deepens-17-dead-over-6-33-lakh-affected,https://thehillstimes.in/assam/assam-flood-crisis-deepens-17-dead-over-6-33-lakh-affected,0,thehillstimes.in,"Assam Flood Crisis Deepens: 17 Dead, Over 6.33 Lakh Affected","HT Digital GUWAHATI, JUNE 4: The Assam flood situation has worsened dramatically, with six new casualties on Tuesday. This increases the total number of deaths in the state due to floods and landslides this year to 17, as per the Assam State Disaster Manageme…",https://thehillstimes.in/wp-content/uploads/2024/07/assam-floods-5cols.jpg,2025-06-04T03:49:58Z,,"HT Digital
GUWAHATI, JUNE 4: The Assam flood situation has worsened dramatically, with six new casualties on Tuesday. This increases the total number of deaths in the state due to floods and landsli… [+2065 chars]",,en,'flooding relief'
https://www.thejournal.ie/extreme-wind-damaging-energy-communication-climate-risks-6722324-Jun2025/,https://www.thejournal.ie/extreme-wind-damaging-energy-communication-climate-risks-6722324-Jun2025/,0,www.thejournal.ie,Storm warning: Extreme wind is now 'priority' climate risk for Ireland,"Coastal erosion, flooding and heatwaves also pose risks, according to a new report.",https://img2.thejournal.ie/article/6722324/river/?height=400&version=6722447,2025-06-04T04:00:35Z,https://web.archive.org/web/20250604233405/https://www.thejournal.ie/extreme-wind-damaging-energy-communication-climate-risks-6722324-Jun2025/,"EXTREME WIND HAS been named as one of the biggest climate threats that Ireland faces, with future storms capable of wreaking havoc on the countrys power lines and communication networks. 
Coastal er… [+2841 chars]",,en,'flooding'
https://www.cnn.com/2025/06/04/politics/fema-white-house-disaster-relief-funds,https://www.cnn.com/2025/06/04/politics/fema-white-house-disaster-relief-funds,0,www.cnn.com,"The White House is approving disaster relief funds without notifying FEMA, leading to delays and confusion | CNN Politics","In early April, President Donald Trump approved millions of dollars in assistance from the Federal Emergency Management Agency for Virginia, which was reeling from devastating winter storms and flooding. Gov. Glenn Youngkin, a Republican, issued a press relea…","https://media.cnn.com/api/v1/images/stellar/prod/ap25050800296044.jpg?c=16x9&q=w_800,c_fill",2025-06-04T09:47:06Z,,"In early April, President Donald Trump approved millions of dollars in assistance from the Federal Emergency Management Agency for Virginia, which was reeling from devastating winter storms and flood… [+9534 chars]",,en,'flooding disaster'
https://www.forbes.com/sites/billfrist/2025/06/04/how-employers-can-forecast--and-mitigate--the-overlooked-business-costs-of-climate/,https://www.forbes.com/sites/billfrist/2025/06/04/how-employers-can-forecast--and-mitigate--the-overlooked-business-costs-of-climate/,0,www.forbes.com,How Employers Can Forecast – And Mitigate – The Overlooked Business Costs Of Climate,"The Climate Health Cost Forecaster is a first-of-its-kind tool that converts extreme heat, smoke, floods, and hurricanes into CFO-ready figures across any zip code.",https://imageio.forbes.com/specials-images/imageserve/68402fc64de31b76823ba26a/0x0.jpg?format=jpg&height=900&width=1600&fit=bounds,2025-06-04T11:42:11Z,,"Throughout my work as a surgeon and a U.S. senator, I have focused on practical solutions that keep people healthy, safe and resilient, that are firmly backed by data. Today, I see a new data-driven … [+5974 chars]",,en,'flooding climate change'
https://www.syllad.com/assam-reels-under-flood-fury-14-dead-nearly-7-lakh-hit-as-rivers-overflow-in-21-districts/,https://www.syllad.com/assam-reels-under-flood-fury-14-dead-nearly-7-lakh-hit-as-rivers-overflow-in-21-districts/,0,www.syllad.com,"Assam reels under flood fury: 14 dead, nearly 7 lakh hit as rivers overflow in 21 districts","The flood crisis in Assam intensified on Wednesday, with two more deaths pushing the toll to 14 in the first wave of flooding this year. According to the Assam State Disaster Management Authority (ASDMA), the disaster has now displaced or affected 6,79,423 pe…",https://www.syllad.com/wp-content/uploads/2025/06/Assam-Floods-1.jpg,2025-06-04T16:21:54Z,,"Syllad | The Rising MeghalayaJune 4, 2025
The flood crisis in Assam intensified on Wednesday, with two more deaths pushing the toll to 14 in the first wave of flooding this year. According to the As… [+1909 chars]",,en,'flooding relief'
http://9to5toys.com/2025/06/04/dbrand-new-nintendo-switch-2-grip-case/,http://9to5toys.com/2025/06/04/dbrand-new-nintendo-switch-2-grip-case/,0,9to5toys.com,"Dbrand’s new Nintendo Switch 2 grip case has arrived at the 9to5Toys offices, now starting at $60 (Reg. up to $75)","The Switch accessories have been flooding in from third-parties over the last month or so and the new Dbrand Killswitch controller case. The Killswitch is custom made package designed to wrap your Switch 2 in a rubbery, grippy case while still allowing the sy…",https://i0.wp.com/9to5toys.com/wp-content/uploads/sites/5/2025/06/Switch-2-Dbrand-Killswitch-controller-case-0main.jpg?resize=1200%2C628&ssl=1,2025-06-04T16:58:12Z,,The Switch accessories have been flooding in from third-parties over the last month or so and the new Dbrand Killswitch controller case. The Killswitch is custom made package designed to wrap your Sw… [+2609 chars],,en,'flooding house'
https://biztoc.com/x/024e0b6289a97aca,https://biztoc.com/x/024e0b6289a97aca,0,biztoc.com,Map Shows Where 3 States Warned About Floods in the Desert,"Voice is AI-generated. Inconsistencies may occur.
The National Weather Service (NWS) has issued a flood watch for desert areas in southern California, southern Nevada, and northwestern Arizona, effective Wednesday, as heavy rain puts the region at risk for fl…",https://biztoc.com/cdn/024e0b6289a97aca_s.webp,2025-06-04T21:59:36Z,,"Voice is AI-generated. Inconsistencies may occur.The National Weather Service (NWS) has issued a flood watch for desert areas in southern California, southern Nevada, and northwestern Arizona, effect… [+141 chars]",,en,'floods'
https://www.nzherald.co.nz/the-country/news/drought-followed-by-wet-autumn-leaves-farmers-with-tough-feed-decisions/YIKULY3V2VDZXG6GCPWL2NZFGY/,https://www.nzherald.co.nz/the-country/news/drought-followed-by-wet-autumn-leaves-farmers-with-tough-feed-decisions/YIKULY3V2VDZXG6GCPWL2NZFGY/,0,www.nzherald.co.nz,Drought followed by wet autumn leaves farmers with tough feed decisions,Some Northland farms experienced flooding five times in recent weeks.,https://www.nzherald.co.nz/resizer/v2/HYGAVWJF5VGCBGE2AHNQCI33X4.jpg?auth=b97b7db152fe973f63e92364f2781cf9d0f616b8eac8bb6a98c7abbb82f5c767&width=1200&height=675&quality=70&focal=502%2C151&smart=false,2025-06-04T23:51:59Z,,"He said that was a particularly tough call with the $10 dairy payout.
He said the whole Waikato was now green.
But not all of that is grass, so some farmers remain in drought mode. 
The majority o… [+1135 chars]",,en,'flooding'
https://www.abc.net.au/news/rural/2025-06-05/climate-change-linked-to-floods-extreme-weather-nsw/105353550,https://www.abc.net.au/news/rural/2025-06-05/climate-change-linked-to-floods-extreme-weather-nsw/105353550,0,www.abc.net.au,What can be done about the 'new world' of extreme weather?,"Farmers say the recent floods in NSW were unprecedented and exhausting, but some stop short of blaming climate change.",https://live-production.wcms.abc-cdn.net.au/19fba5dbfd54efa11dfc0f9f3ddcaad1?impolicy=wcms_watermark_news&cropH=2813&cropW=5000&xPos=0&yPos=259&width=862&height=485&imformat=generic,2025-06-05T02:37:00Z,,"Scientists and politicians are warning big policy shifts are needed to mitigate extreme weather impacts, following what farmers describe as unprecedented flooding in the New South Wales Hunter and Mi… [+6435 chars]",,en,'flooding climate change'
https://skepticalscience.com/new_research_2025_23.html,https://skepticalscience.com/new_research_2025_23.html,0,skepticalscience.com,Skeptical Science New Research for Week #23 2025,"Open access notables
Land-based sensors reveal high frequency of coastal flooding, Hino et al., Communications Earth & Environment:

Coastal flooding is occurring more frequently due to global sea-level rise, among other factors. However, current understandin…",https://skepticalscience.com/public/assets/images/og/button_sks_200.jpg,2025-06-05T06:23:23Z,,"Posted on 5 June 2025 by Doug Bostrom, Marc Kodack
Open access notables
Land-based sensors reveal high frequency of coastal flooding, Hino et al., Communications Earth &amp; Environment:
Coastal f… [+52845 chars]",,en,'flooding military'
https://economictimes.indiatimes.com/news/india/iaf-deploys-mi-17-cheetah-choppers-for-sikkim-relief-ops/articleshow/121654959.cms,https://economictimes.indiatimes.com/news/india/iaf-deploys-mi-17-cheetah-choppers-for-sikkim-relief-ops/articleshow/121654959.cms,0,economictimes.indiatimes.com,"IAF deploys Mi-17, Cheetah choppers for Sikkim relief ops","Sikkim's relief operations are underway. The Indian Air Force is using helicopters to rescue people and deliver supplies. Over a hundred survivors were evacuated. Assam is facing severe floods and landslides. Many districts are affected, and thousands are dis…","https://img.etimg.com/thumb/msid-121654985,width-1200,height-630,imgsize-83178,overlay-economictimes/articleshow.jpg",2025-06-05T16:36:06Z,,"Guwahati: Relief operations in Sikkim continue with the IAF employing four Mi-17 and two Cheetah helicopters into service. A defence spokesperson said, On Thursday they were able to reach isolated an… [+1664 chars]",,en,'floods'
https://www.abc.net.au/news/2025-06-06/nsw-flood-waste-requires-temporary-rubbish-tips/105378940,https://www.abc.net.au/news/2025-06-06/nsw-flood-waste-requires-temporary-rubbish-tips/105378940,0,www.abc.net.au,Temporary tips needed as record floods leave behind mountains of waste,"NSW councils rush to clean up an ""enormous"" volume of waste left behind by floods that devastated the NSW Mid North Coast and Hunter.",https://live-production.wcms.abc-cdn.net.au/5786a0b9d206d9c6b5e73b5b7ca28589?impolicy=wcms_watermark_news&cropH=1080&cropW=1920&xPos=0&yPos=0&width=862&height=485&imformat=generic,2025-06-05T19:57:57Z,,"The record-breaking floods that devastated communities across the NSW Mid North Coast and Hunter regions have left behind mountains of rotting debris.
The Kempsey and Mid Coast councils estimate the… [+2722 chars]",,en,'floods'
https://www.newsweek.com/urgent-warning-life-threatening-floods-desert-2081656,https://www.newsweek.com/urgent-warning-life-threatening-floods-desert-2081656,0,www.newsweek.com,Urgent Warnings Issued as Life-Threatening Floods Hit The Desert,An abnormal thunderstorm has paused over Southern Nevada and is dumping heavy rain across the region.,https://d.newsweek.com/en/full/2657770/urgent-warning-flash-floods-desert.jpg,2025-06-05T20:41:03Z,,"The National Weather Service (NWS) issued urgent flash flood warnings and severe thunderstorm warnings for parts of the desert in southern Nevada, western Arizona, and southern California on Thursday… [+3646 chars]",,en,'floods'
https://biztoc.com/x/b15393ed062f2f08,https://biztoc.com/x/b15393ed062f2f08,0,biztoc.com,Urgent Warnings Issued as Life-Threatening Floods Hit The Desert,"Voice is AI-generated. Inconsistencies may occur.
The National Weather Service (NWS) issued urgent flash flood warnings and severe thunderstorm warnings for parts of the desert in southern Nevada, western Arizona, and southern California on Thursday.
""We had …",https://biztoc.com/cdn/b15393ed062f2f08_s.webp,2025-06-05T20:47:27Z,,"Voice is AI-generated. Inconsistencies may occur.The National Weather Service (NWS) issued urgent flash flood warnings and severe thunderstorm warnings for parts of the desert in southern Nevada, wes… [+145 chars]",,en,'floods'
https://www.abc.net.au/news/2025-06-06/nsw-farmers-struggling-mid-north-coast-floods/105382372,https://www.abc.net.au/news/2025-06-06/nsw-farmers-struggling-mid-north-coast-floods/105382372,0,www.abc.net.au,Hundreds of NSW farmers still dealing with fallout weeks after floods,"In the weeks since floodwaters ran through the Mid North Coast, some farmers are still struggling to return to normalcy.",https://live-production.wcms.abc-cdn.net.au/cb39f15b784c86f944c4513c6f32d3b4?impolicy=wcms_watermark_news&cropH=2268&cropW=4032&xPos=0&yPos=0&width=862&height=485&imformat=generic,2025-06-05T20:51:21Z,,"Hay is precious on the Mid North Coast, where paddocks have turned to mud.
Two weeks after record flooding swamped Tony Buttsworth's farm at Moorland, he's handfeeding hundreds of dairy cows with fo… [+4738 chars]",,en,'floods'
https://thehillstimes.in/assam/flood-situation-critical-7-lakh-affected,https://thehillstimes.in/assam/flood-situation-critical-7-lakh-affected,0,thehillstimes.in,"Flood situation critical, 7 lakh affected","GUWAHATI, June 5: Assam’s flood situation remained critical on Thursday, with nearly seven lakh people affected in 21 districts and the water level of major rivers showing a rising trend, officials said. The death toll in the first wave of the floods and land…",https://thehillstimes.in/wp-content/uploads/2025/06/Lead-14.jpg,2025-06-05T22:55:00Z,,"GUWAHATI, June 5: Assams flood situation remained critical on Thursday, with nearly seven lakh people affected in 21 districts and the water level of major rivers showing a rising trend, officials sa… [+3468 chars]",,en,'floods'
https://www.belloflostsouls.net/2025/06/goatboys-grimdark-armylist-space-wolf-saga-of-bodies-bodies-more-bodies.html,https://www.belloflostsouls.net/2025/06/goatboys-grimdark-armylist-space-wolf-saga-of-bodies-bodies-more-bodies.html,0,www.belloflostsouls.net,"Goatboy’s Grimdark Armylist: Space Wolf Saga of Bodies, Bodies, & More Bodies","Goatboy here with an Space Wolves army list that floods the table with a pile of tough bodies, and can write a new Saga of victory! Here’s an Vlka Fenryka army list based off of some discussions with some local Texas people.  The idea here is to flood the tab…",https://www.belloflostsouls.net/wp-content/uploads/2023/08/40k-thunderwolves-header.jpg,2025-06-06T07:00:10Z,,"Goatboy here with an Space Wolves army list that floods the table with a pile of tough bodies, and can write a new Saga of victory!
Here’s an Vlka Fenryka army list based off of some discussions wit… [+3028 chars]",,en,'floods'
https://www.cbc.ca/news/canada/nova-scotia/dike-dikes-dikeland-upgrades-advocate-harbour-1.7553030,https://www.cbc.ca/news/canada/nova-scotia/dike-dikes-dikeland-upgrades-advocate-harbour-1.7553030,0,www.cbc.ca,'Long overdue' dikeland upgrades coming to rural N.S. community,Advocate Harbour is preparing for the most significant upgrades in decades to the dikeland system that protects it from flooding.,https://i.cbc.ca/1.7553032.1749134608!/fileImage/httpImage/image.jpg_gen/derivatives/16x9_1180/marchel-strong.jpg?im=Resize%3D620,2025-06-06T09:00:00Z,,"A rural Nova Scotia community on the Bay of Fundy is preparing for the most significant upgrades in decades to the dikeland system that protects it from flooding.
The work has been approved for Advo… [+3635 chars]",,en,'flooding'
https://phys.org/news/2025-06-ancient-climate-modern-droughts.html,https://phys.org/news/2025-06-ancient-climate-modern-droughts.html,0,phys.org,What can ancient climate tell us about modern droughts?,"Climate change is reshaping the global water cycle, disrupting rainfall patterns and putting growing pressure on cities and ecosystems. Some regions are grappling with heavier rainfall and flooding, while others face prolonged droughts that threaten public he…",https://scx2.b-cdn.net/gfx/news/hires/2025/what-can-ancient-clima.jpg,2025-06-06T13:23:04Z,,"Climate change is reshaping the global water cycle, disrupting rainfall patterns and putting growing pressure on cities and ecosystems. Some regions are grappling with heavier rainfall and flooding, … [+4233 chars]",,en,'flooding'
https://www.syllad.com/congress-blasts-cm-himanta-biswa-sarma-over-flood-relief-failure-demands-national-status-for-assam-floods/,https://www.syllad.com/congress-blasts-cm-himanta-biswa-sarma-over-flood-relief-failure-demands-national-status-for-assam-floods/,0,www.syllad.com,Congress blasts CM Himanta Biswa Sarma over flood relief failure; demands national status for Assam floods,"The Assam Congress on Friday launched a sharp attack on Chief Minister Himanta Biswa Sarma, calling him the “weakest and most corrupt Chief Minister” in the country for allegedly failing to secure adequate central assistance for flood-hit Assam. The criticism…",https://www.syllad.com/wp-content/uploads/2025/06/Gaurav-Gogoi.jpg,2025-06-06T15:42:00Z,,"Syllad | The Rising MeghalayaJune 6, 2025
The Assam Congress on Friday launched a sharp attack on Chief Minister Himanta Biswa Sarma, calling him the “weakest and most corrupt Chief Minister” in the… [+2705 chars]",,en,'floods'
https://abcnews.go.com/US/video/streets-lubbock-texas-flood-after-storms-122583276,https://abcnews.go.com/US/video/streets-lubbock-texas-flood-after-storms-122583276,0,abcnews.go.com,"WATCH: Streets in Lubbock, Texas, flood after storms","SEE IT: Heavy flooding hit the streets of Lubbock, Texas, after storms moved through the region.",https://i.abcnewsfe.com/a/f85bbea6-fab1-4b7d-b1f7-d180b9f470d1/250506_abc_social_flooding_lubbock_2_hpMain_9x16.jpg?w=992,2025-06-06T18:29:15Z,,"<ul><li>Mistakenly deported Kilmar Abrego Garcia on way back to US to face criminal charges
</li><li>Speaker Johnson wants focus on bill amid Trump, Musk spat
</li><li>Possible mass shooting at gra… [+4474 chars]",,en,'flooding storm'
https://thehillstimes.in/assam/40-families-affected-as-embankment-washed-away-in-recent-flood-wave-in-dibrugarh,https://thehillstimes.in/assam/40-families-affected-as-embankment-washed-away-in-recent-flood-wave-in-dibrugarh,0,thehillstimes.in,40 families affected as embankment washed away in recent flood wave in Dibrugarh,"HT CorrespondentDIBRUGARH, June 6: Over 40 families have been affected after a crucial embankment along the Buri Dehing River was washed away during the recent wave of flooding in Dibrugarh.Though floodwaters have now receded, residents of Bongamor Block Gaon…",https://thehillstimes.in/wp-content/uploads/2025/06/lead-17.jpg,2025-06-06T21:05:00Z,,"HT CorrespondentDIBRUGARH, June 6: Over 40 families have been affected after a crucial embankment along the Buri Dehing River was washed away during the recent wave of flooding in Dibrugarh.Though fl… [+1784 chars]",,en,'flooding'
https://economictimes.indiatimes.com/news/india/manipur-floods-nearly-3-dead-in-last-24-hours-despite-improving-situation/articleshow/121697119.cms,https://economictimes.indiatimes.com/news/india/manipur-floods-nearly-3-dead-in-last-24-hours-despite-improving-situation/articleshow/121697119.cms,0,economictimes.indiatimes.com,Manipur flood: Nearly 3 dead in last 24 hours despite improving situation,"Manipur is grappling with severe flooding, resulting in at least three deaths in the last 24 hours, raising the total death toll to four since May 29. The floods have impacted over 1.66 lakh people, damaging thousands of houses and hectares of cropland across…","https://img.etimg.com/thumb/msid-121697138,width-1200,height-630,imgsize-284780,overlay-economictimes/articleshow.jpg",2025-06-07T16:23:29Z,,"Guwahati: While the overall flood situation improved significantly in Manipur, at least three persons were killed in the flood related calamities during the past 24 hours.According to a disaster mana… [+1227 chars]",,en,'floods'
https://www.wpxi.com/news/local/state-emergency-declared-allegheny-county-amid-flooding-caused-by-severe-weather/VA6URB2K45EGTDCU6AXQHJNQ4M/,https://www.wpxi.com/news/local/state-emergency-declared-allegheny-county-amid-flooding-caused-by-severe-weather/VA6URB2K45EGTDCU6AXQHJNQ4M/,0,www.wpxi.com,State of emergency declared for Allegheny County amid flooding caused by severe weather,A state of emergency has been declared for Allegheny County after severe weather caused flooding throughout the area.,https://cmg-cmg-tv-10080-prod.cdn.arcpublishing.com/resizer/v2/https%3A%2F%2Fcloudfront-us-east-1.images.arcpublishing.com%2Fcmg%2FVLOEAJU7W5EWBGKQFPDNP72D4U.jpeg?auth=3650f59c3949254463f6ad34d56e17753ac7068125132e65c8dae1d46c17e557&width=1200&height=630&smart=true,2025-06-07T23:02:53Z,,"ALLEGHENY COUNTY — A state of emergency has been declared for Allegheny County after severe weather caused flooding throughout the area.
PHOTOS: Flooding hits local counties as heavy rain, storms mo… [+1598 chars]",,en,'flooding weather'
https://www.cbc.ca/news/canada/toronto/rexdale-tenant-rentsafetto-concerns-1.7555537,https://www.cbc.ca/news/canada/toronto/rexdale-tenant-rentsafetto-concerns-1.7555537,0,www.cbc.ca,Rexdale renters urge city to crack down on poor conditions at apartment complex,"Greg Desgroseilliers has dealt with repeat flooding inside his Toronto apartment, but he doesn’t live in a flood plain nor is it the result of thunderous rain storms. His place floods when his neighbours use the shared laundry room.",https://i.cbc.ca/1.7555546.1749337308!/fileImage/httpImage/image.jpg_gen/derivatives/16x9_1180/toronto-greg-desgroseilliers-rexdale-apartment.jpg?im=Resize%3D620,2025-06-07T23:22:18Z,,"Greg Desgroseilliers has dealt with repeat flooding inside his Toronto apartment, but he doesn't live in a flood plain nor is it the result of thunderous rain storms.
His place floods when his neigh… [+3519 chars]",,en,'flooding rain'
https://english.khabarhub.com/2025/08/475170/,https://english.khabarhub.com/2025/08/475170/,0,english.khabarhub.com,"Flood Division warns of rising river levels, advises caution","KATHMANDU: The Flood Forecasting Division under the Department of Hydrology and Meteorology has issued a warning about possible flooding today (Sunday). According to the Division’s bulletin, there is a risk of flooding in rivers and streams across eight distr…",https://i0.wp.com/english.khabarhub.com/wp-content/uploads/2024/09/bagmati-flood-3.jpg?fit=2048%2C1365&ssl=1,2025-06-08T03:45:54Z,,"KATHMANDU: The Flood Forecasting Division under the Department of Hydrology and Meteorology has issued a warning about possible flooding today (Sunday).
According to the Division’s bulletin, there i… [+971 chars]",,en,'flooding'
https://timesofindia.indiatimes.com/city/kolkata/need-to-upgrade-the-drainage-infrastructure-140-dogs-struggle-through-night-to-stay-alive-at-flooded-dhapa-pound-kmc-officials-absent-as-stormwater-inundates-kennels/articleshow/121703336.cms,https://timesofindia.indiatimes.com/city/kolkata/need-to-upgrade-the-drainage-infrastructure-140-dogs-struggle-through-night-to-stay-alive-at-flooded-dhapa-pound-kmc-officials-absent-as-stormwater-inundates-kennels/articleshow/121703336.cms,0,timesofindia.indiatimes.com,‘Need to upgrade the drainage infrastructure’: 140 dogs struggle through night to stay alive at flooded dhapa pound; KMC officials absent as stormwater inundates kennels,"Heavy rainfall caused severe flooding at Kolkata's Dhapa dog pound, endangering approximately 140 stray dogs. The facility, located in a low-lying area, is prone to flooding during monsoons. Attendants and security worked tirelessly through the night to manag…","https://static.toiimg.com/thumb/msid-121703389,width-1070,height-580,imgsize-1259970,resizemode-75,overlay-toi_sw,pt-32,y_pad-40/photo.jpg",2025-06-08T04:01:31Z,,Dazzling pics of Aishwarya Lekshmi,,en,'flooding storm'
https://economictimes.indiatimes.com/news/india/court-ordered-removal-of-this-slum-no-one-can-defy-court-orders-delhi-cm-rekha-gupta-on-demolition-of-madrasi-camp/articleshow/121704513.cms,https://economictimes.indiatimes.com/news/india/court-ordered-removal-of-this-slum-no-one-can-defy-court-orders-delhi-cm-rekha-gupta-on-demolition-of-madrasi-camp/articleshow/121704513.cms,0,economictimes.indiatimes.com,"Court ordered removal of this slum, no one can defy court orders: Delhi CM Rekha Gupta on demolition of Madrasi Camp","Delhi Chief Minister Rekha Gupta defended the Madrasi Camp demolition, stating it complied with court orders to clear the Barapulla drain and prevent floods. She claimed residents were relocated and criticized AAP for politicizing the issue, questioning who w…","https://img.etimg.com/thumb/msid-121704535,width-1200,height-630,imgsize-39332,overlay-economictimes/articleshow.jpg",2025-06-08T06:29:34Z,,Delhi Chief Minister Rekha Gupta on Sunday said that the demolition drive conducted at Madrasi Camp was action taken in strict compliance with court directives. She stated that the court had ordered … [+2714 chars],,en,'floods'
https://www.boredpanda.com/lead-actors-announced-for-new-harry-potter-series-hbo-msn/,https://www.boredpanda.com/lead-actors-announced-for-new-harry-potter-series-hbo-msn/,0,www.boredpanda.com,"New Cast For Harry, Hermione And Ron For Upcoming Harry Potter Series Divides The Internet","""Protect them from the deluge of hate they're about to get.""",https://www.boredpanda.com/blog/wp-content/uploads/2025/05/fb_image_68362069d8660.png,2025-06-08T13:00:09Z,,"Article created by: Lei RV
After months of speculation, HBO has officially unveiled the young actors who will bring the trio of Harry Potter, Hermione Granger, and Ron Weasley to life for its highly… [+5795 chars]",,en,'deluge'
https://www.cbsnews.com/news/tropical-storm-hurricane-barbara-coast-mexico/,https://www.cbsnews.com/news/tropical-storm-hurricane-barbara-coast-mexico/,0,www.cbsnews.com,Tropical Storm Barbara forms off the southwestern coast of Mexico,Two to four inches of rainfall in portions of Mexico's western states may lead to flooding and mudslides through Monday.,https://assets2.cbsnewsstatic.com/hub/i/r/2025/06/08/3d6e68ad-cdf9-4459-b43b-637946f545fe/thumbnail/1200x630/e10163bbd3da0e4232ec0efa5c2af95b/barbara-hurricane-tropical-storm.png?v=8e774d26301ae5e7a27489083c0cf8b6,2025-06-08T14:07:19Z,,"Tropical Storm Barbara has formed off the coast of Southwestern Mexico, the National Hurricane Center in Miami said Sunday.
There are no coastal watches or warnings in effect.
Two to four inches of… [+1100 chars]",,en,'flooding'
https://www.tmz.com/2025/06/08/keith-urban-shaboozey-wynonna-judd-cma-fest-nashville/,https://www.tmz.com/2025/06/08/keith-urban-shaboozey-wynonna-judd-cma-fest-nashville/,0,www.tmz.com,"Keith Urban, Shaboozey, Wynonna Judd and More Perform at CMA Fest 2025","CMA Fest 2025 took over Nashville this weekend, flooding the city with country music’s biggest stars, rising talent, and thousands of fans for epic performances. The festival brought together some of the biggest names in country music for a…",https://imagez.tmz.com/image/1a/16by9/2025/06/08/1a9a0a8f3d044809852cbb062c18b854_xl.jpg,2025-06-08T15:05:54Z,,"CMA Fest 2025 took over Nashville this weekend, flooding the city with country musics biggest stars, rising talent, and thousands of fans for epic performances.
The festival brought together some of… [+884 chars]",,en,'flooding'
https://consent.yahoo.com/v2/collectConsent?sessionId=1_cc-session_520b592e-cc0a-4d3e-9076-d790a9330d6e,https://consent.yahoo.com/v2/collectConsent?sessionId=1_cc-session_520b592e-cc0a-4d3e-9076-d790a9330d6e,0,consent.yahoo.com,Heavy rain causing flooding problems for Boardman neighborhood,,,2025-06-08T23:25:21Z,,"If you click 'Accept all', we and our partners, including 241 who are part of the IAB Transparency &amp; Consent Framework, will also store and/or access information on a device (in other words, use … [+714 chars]",,en,'flooding rain'
https://economictimes.indiatimes.com/news/india/karnataka-rains-life-in-northern-districts-affected-after-heavy-downpour-causes-water-logging/articleshow/121715907.cms,https://economictimes.indiatimes.com/news/india/karnataka-rains-life-in-northern-districts-affected-after-heavy-downpour-causes-water-logging/articleshow/121715907.cms,0,economictimes.indiatimes.com,Karnataka rains: Life in northern districts affected as heavy downpour causes water logging,"Heavy rainfall lashed several districts in northern Karnataka on Sunday, ending a week-long dry spell. The brief but intense downpours led to flooding in Dharwad, Belagavi, Gadag, Koppal, and Raichur, causing waterlogged streets, inundated homes, and traffic …","https://img.etimg.com/thumb/msid-121715998,width-1200,height-630,imgsize-64380,overlay-economictimes/articleshow.jpg",2025-06-09T02:19:57Z,,"Several districts in northern Karnataka received heavy rainfall on Sunday after a week's dry spell. Though short-lived, these rain spells caused flooding and damage in several districts including Dha… [+1226 chars]",,en,'flooding'
https://economictimes.indiatimes.com/news/india/assam-floods-and-landslides-claim-3-more-lives-toll-rises-to-26/articleshow/121716935.cms,https://economictimes.indiatimes.com/news/india/assam-floods-and-landslides-claim-3-more-lives-toll-rises-to-26/articleshow/121716935.cms,0,economictimes.indiatimes.com,"Assam floods and landslides claim 3 more lives, toll rises to 26","Devastating floods and landslides in Assam have tragically claimed three more lives, bringing the total death toll to 26 this year. The flood situation is gradually improving, but nearly 2.60 lakh people across 11 districts remain affected. Relief efforts are…","https://img.etimg.com/thumb/msid-121716937,width-1200,height-630,imgsize-14928,overlay-economictimes/articleshow.jpg",2025-06-09T03:07:14Z,,"Floods and landslides in Assam claimed three more lives on Sunday, raising the total death toll to 26 this year, officials said.According to the reports of Assam State Disaster Management Authority (… [+1915 chars]",,en,'floods'
https://thehillstimes.in/assam/assam-flood-situation-improves-but-death-toll-rises-to-26,https://thehillstimes.in/assam/assam-flood-situation-improves-but-death-toll-rises-to-26,0,thehillstimes.in,"Assam Flood Situation Improves, But Death Toll Rises to 26","HT DIGITAL GUWAHATI, JUNE 9: The flood situation in Assam showed signs of improvement on Sunday, though the death toll climbed to 26 after three more fatalities were reported. According to officials, the number of people affected by the floods has dropped to …",https://thehillstimes.in/wp-content/uploads/2024/07/assam-floods-state-urges-central-team-for-ndrf-funds-130-lakh-people-affected-in-10-districts-1721496319020-16_9.webp,2025-06-09T05:09:07Z,,"HT DIGITAL
GUWAHATI, JUNE 9: The flood situation in Assam showed signs of improvement on Sunday, though the death toll climbed to 26 after three more fatalities were reported. According to officials… [+1835 chars]",,en,'floods'
https://english.khabarhub.com/2025/09/475520/,https://english.khabarhub.com/2025/09/475520/,0,english.khabarhub.com,BP Highway still crumbling with monsoon at the doorstep,"KATHMANDU: Nepal’s BP Highway, the shortest and one of the most vital links between the capital Kathmandu and eastern Nepal, is in a state of severe disrepair, primarily due to repeated monsoon floods, landslides, and rampant overuse by overloaded vehicles. T…",https://i0.wp.com/english.khabarhub.com/wp-content/uploads/2025/05/BP-Highway44.jpg?fit=1200%2C643&ssl=1,2025-06-09T09:45:29Z,,"KATHMANDU: Nepals BP Highway, the shortest and one of the most vital links between the capital Kathmandu and eastern Nepal, is in a state of severe disrepair, primarily due to repeated monsoon floods… [+2160 chars]",,en,'floods'
https://journals.plos.org/plosone/article?id=10.1371/journal.pone.0321291,https://journals.plos.org/plosone/article?id=10.1371/journal.pone.0321291,0,journals.plos.org,BanglaNewsClassifier: A machine learning approach for news classification in Bangla Newspapers using hybrid stacking classifiers,"Bangla news floods the web, and the need for smarter and more efficient classification techniques is greater than ever. Previous studies mostly focused on traditional models, overlooking the potential of hybrid techniques to handle the ever-growing complex da…",https://journals.plos.org/plosone/article/figure/image?id=10.1371/journal.pone.0321291.g016&size=inline,2025-06-09T14:00:00Z,,"Abstract
Bangla news floods the web, and the need for smarter and more efficient classification techniques is greater than ever. Previous studies mostly focused on traditional models, overlooking th… [+74575 chars]",,en,'floods'
https://www.npr.org/2025/06/10/nx-s1-5340707/homes-new-jersey-elevation-flooding-climate-change,https://www.npr.org/2025/06/10/nx-s1-5340707/homes-new-jersey-elevation-flooding-climate-change,0,www.npr.org,Homes are increasingly at risk from floods. Elevation can help,"Climate change is raising the risk of dangerous flooding, especially in coastal communities. For some towns on the Jersey Shore, the most practical solution is raising homes off the ground.",https://npr.brightspotcdn.com/dims3/default/strip/false/crop/3020x1699+0+112/resize/1400/quality/100/format/jpeg/?url=http%3A%2F%2Fnpr-brightspot.s3.amazonaws.com%2F3b%2F7a%2F65d045494f0aaaf5f27f6356f9fa%2F359a7286-copy.jpg,2025-06-10T12:50:58Z,,"Climate change shapes where and how we live. That's why NPR is dedicating a week to stories about solutions for building and living on a hotter planet.
When Superstorm Sandy slammed into the Jersey … [+9587 chars]",,en,'floods'
https://e360.yale.edu/features/europe-wetland-defense,https://e360.yale.edu/features/europe-wetland-defense,0,e360.yale.edu,How Restored Wetlands Can Protect Europe from Russian Invasion,"The flooding of a Ukraine’s Irpin valley thwarted Russia’s assault on Kyiv in 2022. Now, scientists are proposing Europe create a band of restored and protected wetlands along its eastern borders to deter future Russian aggression, and military strategists ar…",https://yale-threesixty.transforms.svdcdn.com/production/Moshchun-Tank_Getty-HEADER.jpg?w=1200&q=60&auto=format&fit=max&dm=1749582249&s=f6d86865e8193eabf2f8a6b3e4227519,2025-06-10T15:46:00Z,,"In February 2022, as Russian forces launched their invasion of Ukraine, an unlikely weapon shielded Kyiv, the nation’s capital, from swift defeat: a restored wetland. The attackers advanced from Bela… [+14667 chars]",,en,'flooding military'
https://www.thestar.com.my/news/world/2025/06/11/7-killed-in-eastern-cape-floods-in-south-africa,https://www.thestar.com.my/news/world/2025/06/11/7-killed-in-eastern-cape-floods-in-south-africa,0,www.thestar.com.my,7 killed in Eastern Cape floods in South Africa,"CAPE TOWN, June 10 (Xinhua) -- Seven people have been killed by heavy floods in the Eastern Cape Province of South Africa, with search operations still underway for missing schoolchildren after a minibus was swept away, the local government confirmed Tuesday.…",https://cdn.thestar.com.my/Themes/img/newTsol_logo_socmedia.png,2025-06-10T16:47:00Z,,"CAPE TOWN, June 10 (Xinhua) -- Seven people have been killed by heavy floods in the Eastern Cape Province of South Africa, with search operations still underway for missing schoolchildren after a min… [+1455 chars]",,en,'flooding disruption'
https://phys.org/news/2025-06-income-homeowners-zones-climate-prisoners.html,https://phys.org/news/2025-06-income-homeowners-zones-climate-prisoners.html,0,phys.org,Low-income homeowners in flood zones risk becoming 'climate prisoners',"Climate change-related flooding poses growing systemic threats to the British residential property market, insurance sector and mortgage lending system, academics have warned.",https://scx2.b-cdn.net/gfx/news/hires/2024/flood-1.jpg,2025-06-10T17:50:01Z,,"Climate change-related flooding poses growing systemic threats to the British residential property market, insurance sector and mortgage lending system, academics have warned.
Researchers at Bayes B… [+6046 chars]",,en,'flooding insurance'
https://www.nbcnews.com/business/real-estate/renters-are-flooding-suburbs-cant-afford-buy-homes-rcna211928,https://www.nbcnews.com/business/real-estate/renters-are-flooding-suburbs-cant-afford-buy-homes-rcna211928,0,www.nbcnews.com,White picket rents: Tenants are flooding the suburbs where they can't afford to buy,Renting is taking off in the suburbs as homeownership remains out of reach for many would-be buyers,"https://media-cldnry.s-nbcnews.com/image/upload/t_nbcnews-fp-1200-630,f_auto,q_auto:best/rockcms/2025-06/250611-homes-suburbs-ch-1721-69f6cf.jpg",2025-06-12T10:00:00Z,,"Renting is taking off in the suburbs as homeownership remains out of reach for many would-be buyers.
Between 2018 and 2023, rentership surged by at least 5 percentage points in 11 out of 20 suburbs … [+5686 chars]",,en,'flooding'
https://www.npr.org/2025/06/12/g-s1-72328/up-first-newsletter-colorado-elections-trump-immigration-policies-fossil-fuels-college-student-loans,https://www.npr.org/2025/06/12/g-s1-72328/up-first-newsletter-colorado-elections-trump-immigration-policies-fossil-fuels-college-student-loans,0,www.npr.org,"Public polling on Trump's immigration policies. And, preparing your home for flooding","NPR analyzes the public opinion polling on Trump's immigration policies. And, ways to protect your home from flooding this 2025 hurricane season.",https://npr.brightspotcdn.com/dims3/default/strip/false/crop/5568x3132+0+290/resize/1400/quality/100/format/jpeg/?url=http%3A%2F%2Fnpr-brightspot.s3.amazonaws.com%2F5a%2F0f%2F0bc28a9c406ba457c04b75e47f97%2Fgettyimages-2182499321.jpg,2025-06-12T11:22:39Z,,"Good morning. You're reading the Up First newsletter. Subscribe here to get it delivered to your inbox, and listen to the Up First podcast for all the news you need to start your day.
Today's top st… [+6865 chars]",,en,'flooding insurance'
https://www.abc.net.au/news/rural/2025-06-13/flood-drought-hit-farmers-urge-consumers-shop-australian/105403520,https://www.abc.net.au/news/rural/2025-06-13/flood-drought-hit-farmers-urge-consumers-shop-australian/105403520,0,www.abc.net.au,Fixing fences and buying local — you can help farmers doing it tough,Many people are wondering how they can help struggling farmers hit hard this past year by drought and floods. It turns out there are options.,https://live-production.wcms.abc-cdn.net.au/930f2d85e9b29f91060b39805d6a3262?impolicy=wcms_watermark_news&cropH=2605&cropW=4631&xPos=3&yPos=115&width=862&height=485&imformat=generic,2025-06-12T21:42:53Z,,"Australians are being urged to shop local and lend a hand to support farmers hit hard this past year by severe drought and floods.
Many have been left wondering how they can help farmers after seein… [+4504 chars]",,en,'floods'
https://www.pbs.org/newshour/world/south-africa-floods-leave-at-least-78-dead-as-official-says-rescue-attempts-were-paralyzed,https://www.pbs.org/newshour/world/south-africa-floods-leave-at-least-78-dead-as-official-says-rescue-attempts-were-paralyzed,0,www.pbs.org,South Africa floods leave at least 78 dead as official says rescue attempts were ‘paralyzed’,The death toll in floods in one of South Africa’s poorest provinces rose to at least 78 on Thursday as a top official said rescue attempts in the first hours after the disaster had been “paralyzed” by a lack of resources.,https://d3i6fh83elv35t.cloudfront.net/static/2025/06/2025-06-12T192624Z_1000782111_RC221FAY5315_RTRMADP_3_SAFRICA-WEATHER-1024x681.jpg,2025-06-12T22:10:57Z,,"CAPE TOWN, South Africa (AP) The death toll in floods in one of South Africas poorest provinces rose to at least 78 on Thursday as a top official said rescue attempts in the first hours after the dis… [+4019 chars]",,en,'floods'
https://biztoc.com/x/5433b16b2a99dcb2,https://biztoc.com/x/5433b16b2a99dcb2,0,biztoc.com,South Africa floods leave at least 78 dead as official says rescue attempts were ‘paralyzed’,The death toll in floods in one of South Africa’s poorest provinces rose to at least 78 on Thursday as a top official said rescue attempts in the first hours after the disaster had been “paralyzed” by a lack of resources.,https://biztoc.com/cdn/949/og.png,2025-06-12T22:24:03Z,,The death toll in floods in one of South Africas poorest provinces rose to at least 78 on Thursday as a top official said rescue attempts in the first hours after the disaster had been paralyzed by a… [+72 chars],,en,'floods'
https://slashdot.org/firehose.pl?op=view&amp;id=178033479,https://slashdot.org/firehose.pl?op=view&amp;id=178033479,0,slashdot.org,Flash Flooding in San Antonio Kills 5 People - The New York Times,"Flash Flooding in San Antonio Kills 5 PeopleThe New York Times At least 5 bodies recovered near Northeast Side high-water scene, officials sayKSAT At least 5 dead, 2 missing in San Antonio after rapid floodingCBS News At Least 4 Dead As Flash Floods Swamp San…",,2025-06-13T02:12:59Z,,The Fine Print: The following comments are owned by whoever posted them. We are not responsible for them in any way.,,en,'floods'
https://slashdot.org/firehose.pl?op=view&amp;id=178034031,https://slashdot.org/firehose.pl?op=view&amp;id=178034031,0,slashdot.org,San Antonio flooding leaves five dead; dozens rescued from high water - Texas Public Radio | TPR,"San Antonio flooding leaves five dead; dozens rescued from high waterTexas Public Radio | TPR At least 5 bodies recovered near Northeast Side high-water scene, officials sayKSAT Heavy rain floods I-35 in San Antonio, submerging police vehicle and sparking con…",,2025-06-13T02:35:46Z,,The Fine Print: The following comments are owned by whoever posted them. We are not responsible for them in any way.,,en,'floods'
https://economictimes.indiatimes.com/news/international/world-news/china-typhoon-wutip-evacuations-closures-and-travel-disruptions/articleshow/121824186.cms,https://economictimes.indiatimes.com/news/international/world-news/china-typhoon-wutip-evacuations-closures-and-travel-disruptions/articleshow/121824186.cms,0,economictimes.indiatimes.com,"Over 16,000 evacuated as Typhoon Wutip threatens flash floods in China's Hainan","Typhoon Wutip is expected to make landfall on Hainan Island, prompting Chinese authorities to evacuate over 16,000 people from vulnerable areas and bring ashore over 40,000 boat workers. High-speed rail services have been suspended, and schools and tourist si…","https://img.etimg.com/thumb/msid-121824314,width-1200,height-630,imgsize-9266,overlay-economictimes/articleshow.jpg",2025-06-13T08:42:24Z,,"Chinese authorities on the southern island of Hainan have evacuated thousands of people, closed schools and halted rail services ahead of the expected landfall later Friday of Typhoon Wutip, state me… [+1418 chars]",,en,'floods'
https://www.newser.com/story/370240/5-dead-2-missing-in-san-antonio-floods.html,https://www.newser.com/story/370240/5-dead-2-missing-in-san-antonio-floods.html,0,www.newser.com,"5 Dead, 2 Missing in San Antonio Floods","Heavy rains in San Antonio rapidly flooded roads, swept away submerged cars, and sent some people scrambling up trees to escape fast-rising waters Thursday while firefighters made dozens of rescues across the nation's seventh-largest city. At least five peopl…",https://img1-azrcdn.newser.com/image/1616260-12-20250613040359.jpeg,2025-06-13T09:03:59Z,,"Some of the people rescued in that area said they were swept off an interstate access road by ""sudden fast rising water,"" San Antonio Fire Department spokesperson Joe Arrington said. He said floodwat… [+1113 chars]",,en,'floods'
https://biztoc.com/x/0a98b99c356b8625,https://biztoc.com/x/0a98b99c356b8625,0,biztoc.com,South Africa Sues for Damages After Sewage Floods Its US Embassy,,https://biztoc.com/cdn/0a98b99c356b8625_s.webp,2025-06-13T09:21:26Z,,"{ window.open(this.href, '_blank'); }, 200); return false;""&gt;Why did oil prices surge after Israels strike on Iran? { window.open(this.href, '_blank'); }, 200); return false;""&gt;How will Israel-Ir… [+790 chars]",,en,'floods'
https://abcnews.go.com/International/wireStory/south-african-president-visit-flood-sites-death-toll-122805843,https://abcnews.go.com/International/wireStory/south-african-president-visit-flood-sites-death-toll-122805843,0,abcnews.go.com,South African president to visit flood sites with death toll at 78,South African President Cyril Ramaphosa is expected to visit the sites of devastating floods that have left at least 78 people dead in the southeast of the country,https://i.abcnewsfe.com/a/cc3c0caf-d333-4442-a060-91a40064da7c/wirestory_77c415129c8da4e481b54e2aaec3fef1_16x9.jpg?w=1600,2025-06-13T09:23:19Z,,"CAPE TOWN, South Africa -- South African President Cyril Ramaphosa will visit the sites Friday of devastating floods that have left at least 78 people dead in the southeast of the country as search a… [+2230 chars]",,en,'floods'
