,phrase,label,sentiment,subjectivity,language,count
Texas,,,,,,
Pakistan,,,,,,
India,,,,,,
US,,,,,,
U.S.,,,,,,
Kentucky,,,,,,
China,,,,,,
Midwest,,,,,,
California,,,,,,
Queensland,,,,,,
Australia,,,,,,
Nigeria,,,,,,
Mexico,,,,,,
North Carolina,,,,,,
South,,,,,,
Vietnam,,,,,,
Kerr County,,,,,,
Nepal,,,,,,
the Guadalupe River,,,,,,
Beijing,,,,,,
New South Wales,,,,,,
Central Texas,,,,,,
New Mexico,,,,,,
Kashmir,,,,,,
Tennessee,,,,,,
Los Angeles,,,,,,
New York,,,,,,
New Jersey,,,,,,
Florida,,,,,,
West Virginia,,,,,,
Alaska,,,,,,
the United States,,,,,,
Argentina,,,,,,
Indonesia,,,,,,
South Africa,,,,,,
San Antonio,,,,,,
Philippines,,,,,,
Maryland,,,,,,
Punjab,,,,,,
Virginia,,,,,,
Northeast,,,,,,
Johor,,,,,,
Sabah,,,,,,
Jammu,,,,,,
Kerrville,,,,,,
Southern California,,,,,,
United States,,,,,,
Spain,,,,,,
Arizona,,,,,,
America,,,,,,
Bali,,,,,,
the East Coast,,,,,,
N.C.,,,,,,
Oklahoma,,,,,,
Ruidoso,,,,,,
Mumbai,,,,,,
UK,,,,,,
New York City,,,,,,
Thailand,,,,,,
Uttarakhand,,,,,,
East Coast,,,,,,
Congo,,,,,,
NSW,,,,,,
Taiwan,,,,,,
New Zealand,,,,,,
Mokwa,,,,,,
Hong Kong,,,,,,
Canada,,,,,,
Sydney,,,,,,
Europe,,,,,,
Ohio,,,,,,
Ky.,,,,,,
Jakarta,,,,,,
Bahia Blanca,,,,,,
Eastern Cape,,,,,,
Japan,,,,,,
Delhi,,,,,,
Beaufort,,,,,,
Chicago,,,,,,
Sarawak,,,,,,
Southeast,,,,,,
Washington,,,,,,
Pennsylvania,,,,,,
France,,,,,,
Punjab province,,,,,,
Houston,,,,,,
Typhoon Bualoi,,,,,,
Missouri,,,,,,
Pradesh,,,,,,
Atlantic,,,,,,
SYDNEY,,,,,,
Himachal,,,,,,
Caribbean,,,,,,
Oregon,,,,,,
Valencia,,,,,,
Arkansas,,,,,,
Brisbane,,,,,,
Israel,,,,,,
Ukraine,,,,,,
England,,,,,,
Niger,,,,,,
east coast,,,,,,
Guwahati,,,,,,
BEIJING,,,,,,
Kathmandu,,,,,,
the Mid North Coast,,,,,,
South Korea,,,,,,
Hunt,,,,,,
KERRVILLE,,,,,,
Myanmar,,,,,,
Wales,,,,,,
Alabama,,,,,,
Guadalupe River,,,,,,
Gaza,,,,,,
Plains,,,,,,
NYC,,,,,,
Switzerland,,,,,,
LA,,,,,,
Lancaster County,,,,,,
Tenn.,,,,,,
Pacific,,,,,,
Louisiana,,,,,,
Southeast Asia,,,,,,
Dallas,,,,,,
NEW DELHI,,,,,,
El Paso,,,,,,
Gulf Coast,,,,,,
Juneau,,,,,,
Rockies,,,,,,
Ireland,,,,,,
Venezuela,,,,,,
Wisconsin,,,,,,
Hervey Bay,,,,,,
CAPE TOWN,,,,,,
U.S,,,,,,
LOUISVILLE,,,,,,
Bengaluru,,,,,,
HANOI,,,,,,
Kolkata,,,,,,
Fla.,,,,,,
Carolinas,,,,,,
Darjeeling,,,,,,
Georgia,,,,,,
Colorado,,,,,,
WASHINGTON,,,,,,
Mid North Coast,,,,,,
Puerto Rico,,,,,,
Bangladesh,,,,,,
Milwaukee,,,,,,
Maharashtra,,,,,,
Louisville,,,,,,
Philadelphia,,,,,,
Los Angeles County,,,,,,
Earth,,,,,,
New England,,,,,,
Meghalaya,,,,,,
San Diego,,,,,,
Toronto,,,,,,
Townsville,,,,,,
Jamaica,,,,,,
Selangor,,,,,,
Lismore,,,,,,
Niger State,,,,,,
Russia,,,,,,
D.C.,,,,,,
Karachi,,,,,,
Typhoon Halong,,,,,,
Kinabatangan,,,,,,
Iran,,,,,,
Niger state,,,,,,
ABUJA,,,,,,
Vermont,,,,,,
Ontario,,,,,,
Tokyo,,,,,,
Himachal Pradesh,,,,,,
London,,,,,,
Malaysia,,,,,,
the Pacific Northwest,,,,,,
Utah,,,,,,
RALEIGH,,,,,,
Kullu,,,,,,
Typhoon Kajiki,,,,,,
Ilam,,,,,,
Massachusetts,,,,,,
Alps,,,,,,
U.K.,,,,,,
N.M.,,,,,,
Singapore,,,,,,
Karnataka,,,,,,
Miami,,,,,,
PESHAWAR,,,,,,
Hill Country,,,,,,
Connecticut,,,,,,
Nevada,,,,,,
Pacific coast,,,,,,
Central Florida,,,,,,
Africa,,,,,,
Denpasar,,,,,,
Indiana,,,,,,
Nigerias,,,,,,
FRANKFORT,,,,,,
Nashville,,,,,,
Auckland,,,,,,
N.J.,,,,,,
Bangkok,,,,,,
New Orleans,,,,,,
CHICAGO,,,,,,
Asia,,,,,,
Keningau,,,,,,
South Africa's,,,,,,
Northeast India,,,,,,
Taree,,,,,,
Tibet,,,,,,
Central,,,,,,
Iowa,,,,,,
B.C.,,,,,,
Ingram,,,,,,
North Carolina's,,,,,,
Penang,,,,,,
North Queensland,,,,,,
Va.,,,,,,
South Africas,,,,,,
Kansas,,,,,,
Italy,,,,,,
Ibiza,,,,,,
Botswana,,,,,,
Sandakan,,,,,,
the Kentucky River,,,,,,
Plainfield,,,,,,
Appalachia,,,,,,
glacial lake,,,,,,
Gulf,,,,,,
Baltimore,,,,,,
West Java,,,,,,
Pacific Northwest,,,,,,
Northland,,,,,,
Lahore,,,,,,
Michigan,,,,,,
Western Australia's,,,,,,
Buenos Aires province,,,,,,
Sook,,,,,,
Newfoundland,,,,,,
Alexandria,,,,,,
Greece,,,,,,
East Tennessee,,,,,,
Kishtwar,,,,,,
Jordan,,,,,,
ISLAMABAD,,,,,,
US South,,,,,,
Sunshine Coast,,,,,,
Bekasi,,,,,,
Texas Hill Country,,,,,,
Hanoi,,,,,,
Arunachal,,,,,,
Rajasthan,,,,,,
HONG KONG,,,,,,
South Texas,,,,,,
Long Island,,,,,,
Guangdong,,,,,,
New Delhi,,,,,,
Zelia,,,,,,
the Democratic Republic of Congo,,,,,,
Bacolod,,,,,,
the West Coast,,,,,,
Egypt,,,,,,
East Asia,,,,,,
Germany,,,,,,
Tuscany,,,,,,
Kerala,,,,,,
Shonga,,,,,,
Asheville,,,,,,
Volusia County,,,,,,
Chinas,,,,,,
Manitoba,,,,,,
Mississippi,,,,,,
JAMMU,,,,,,
Kyushu,,,,,,
L.A.,,,,,,
Quebec,,,,,,
MEXICO CITY,,,,,,
Paris,,,,,,
Somalia,,,,,,
Md.,,,,,,
Pittsburgh,,,,,,
Frankfort,,,,,,
Oaxaca,,,,,,
Canterbury,,,,,,
Tri-State,,,,,,
Chattanooga,,,,,,
South Africa’s,,,,,,
Glendale,,,,,,
Gujarat,,,,,,
Hawaii,,,,,,
New York City’s,,,,,,
Tooele County,,,,,,
Charleston,,,,,,
Allegheny County,,,,,,
Lake Tanganyika,,,,,,
Kelantan,,,,,,
North Bengal,,,,,,
Southwest,,,,,,
Salt Lake City,,,,,,
Panchthar,,,,,,
Sibu,,,,,,
the Gaza Strip,,,,,,
Afghanistan,,,,,,
Boston,,,,,,
Calgary,,,,,,
Himalayas,,,,,,
Bintulu,,,,,,
Kumamoto,,,,,,
Portland,,,,,,
LOS ANGELES,,,,,,
Clarksville,,,,,,
Las Vegas,,,,,,
Kwara State,,,,,,
Australias,,,,,,
NC,,,,,,
EL PASO,,,,,,
Britain,,,,,,
DC,,,,,,
KUCHING,,,,,,
Pikeville,,,,,,
the Hill Country,,,,,,
Hollywood,,,,,,
TEXAS,,,,,,
MOUNT AIRY,,,,,,
Brazil,,,,,,
Tenom,,,,,,
Pune,,,,,,
San Francisco,,,,,,
JOHANNESBURG,,,,,,
SINGAPORE,,,,,,
TOKYO,,,,,,
Bogor,,,,,,
Alberta,,,,,,
Margate City,,,,,,
Sand Point,,,,,,
Sweden,,,,,,
U.S. South,,,,,,
Henry County,,,,,,
Uttar Pradesh,,,,,,
north Queensland,,,,,,
North Maluku,,,,,,
TAIPEI,,,,,,
Bhutan,,,,,,
Gaza City,,,,,,
Illinois,,,,,,
North,,,,,,
West,,,,,,
Indias,,,,,,
Mogadishu,,,,,,
CALIFORNIA,,,,,,
Guizhou province,,,,,,
Islamabad,,,,,,
East,,,,,,
Brevard,,,,,,
Pakistans Punjab province,,,,,,
South Carolina,,,,,,
Gatineau,,,,,,
Türkiye,,,,,,
St. Louis,,,,,,
New Mexico's,,,,,,
Arctic,,,,,,
Ipswich,,,,,,
Redding,,,,,,
West Bengal,,,,,,
Dien Bien,,,,,,
MIAMI,,,,,,
Albuquerque,,,,,,
the Mid-Atlantic,,,,,,
Abuja,,,,,,
Manipur,,,,,,
The National Oceanic,,,,,,
Hatteras Island,,,,,,
Ingham,,,,,,
Democratic Republic of Congo's,,,,,,
NEW YORK,,,,,,
UNICEF,,,,,,
Babarmahal,,,,,,
Midlands,,,,,,
Barcelona,,,,,,
Pa.,,,,,,
NASHVILLE,,,,,,
Wipha,,,,,,
Khyber,,,,,,
South Asia,,,,,,
the Bhotekoshi River,,,,,,
Mid-Atlantic,,,,,,
Buenos Aires,,,,,,
Piedmont,,,,,,
Bahía Blanca,,,,,,
Manila,,,,,,
Papar,,,,,,
Delaware,,,,,,
the Manning River,,,,,,
Peru,,,,,,
the Desert Southwest,,,,,,
Beluran,,,,,,
AUSTIN,,,,,,
Chenab,,,,,,
Southeast Queens,,,,,,
Gansu province,,,,,,
the Grand Canyon,,,,,,
Norway,,,,,,
Indus,,,,,,
South Australia,,,,,,
Halong,,,,,,
San Antonio FloodingThe,,,,,,
Typhoon Wutip,,,,,,
JAKARTA,,,,,,
Hainan,,,,,,
Southeast United States,,,,,,
WAYNESVILLE,,,,,,
Ala.,,,,,,
the South Island,,,,,,
Enniscorthy,,,,,,
Kishtwar district,,,,,,
Bhatauli River,,,,,,
North Carolinas,,,,,,
Maine,,,,,,
Ark.,,,,,,
Antarctica,,,,,,
MILWAUKEE,,,,,,
the Ohio Valley,,,,,,
Kwara,,,,,,
Ozarks,,,,,,
AMC,,,,,,
Lipis,,,,,,
Alibaba,,,,,,
Tripura,,,,,,
Kenya,,,,,,
Kyiv,,,,,,
Poland,,,,,,
MANILA,,,,,,
South Australia's,,,,,,
Ramechhap,,,,,,
Indian Kashmir,,,,,,
Dibrugarh,,,,,,
Tehama County,,,,,,
coachella valley,,,,,,
Qld,,,,,,
the Rio Grande Valley,,,,,,
Thame,,,,,,
Milwaukee County,,,,,,
the New South Wales,,,,,,
Attleboro,,,,,,
Moon,,,,,,
W.Va.,,,,,,
Galway,,,,,,
North Coast,,,,,,
SIBU,,,,,,
Calif.,,,,,,
Kagoshima,,,,,,
Northern California,,,,,,
Dublin,,,,,,
the New South Wales Mid North Coast,,,,,,
IL,,,,,,
the Mid-South,,,,,,
the National Oceanic,,,,,,
Melaka,,,,,,
Mount Everest,,,,,,
Dead Sea,,,,,,
Steuben County,,,,,,
South Sudan,,,,,,
Belgium,,,,,,
Guinea-Bissau,,,,,,
the Sai River,,,,,,
Denver,,,,,,
Namibia,,,,,,
Niuland,,,,,,
Terengganu,,,,,,
Jhapa,,,,,,
BRISBANE,,,,,,
South Central Texas,,,,,,
le…,,,,,,
Bengal,,,,,,
West Virginia Flooding,,,,,,
Ajmer,,,,,,
Eastern Kentucky,,,,,,
Ghana,,,,,,
the Red River,,,,,,
Northern Rivers,,,,,,
Leesburg,,,,,,
Surrey,,,,,,
Ramban,,,,,,
Reunion,,,,,,
Mississauga,,,,,,
Wagah,,,,,,
Vancouver,,,,,,
the U.S. Northeast,,,,,,
Dumkibas,,,,,,
Kendall County,,,,,,
Manhattan,,,,,,
Yemen,,,,,,
Diphu,,,,,,
Sierra Nevada,,,,,,
SAN JUAN,,,,,,
Kentucky River,,,,,,
DALLAS,,,,,,
Blatten,,,,,,
riverside,,,,,,
Balasore,,,,,,
San José,,,,,,
Irelands,,,,,,
South Dakota,,,,,,
Steinbach,,,,,,
Lockyer Valley,,,,,,
Bahamas,,,,,,
the Llano River,,,,,,
Smoky Mountains,,,,,,
the Pacific Ocean,,,,,,
Covington,,,,,,
the Florida Panhandle,,,,,,
Khyber Pakhtunkhwa province,,,,,,
Leander,,,,,,
Arlington,,,,,,
the Bay Area,,,,,,
Cobb County,,,,,,
Emilia-Romagna,,,,,,
Kinshasa,,,,,,
Pilbara,,,,,,
Yamuna river,,,,,,
Oklahoma City,,,,,,
Catalonia,,,,,,
Jersey Shore,,,,,,
Newcastle,,,,,,
Sunkoshi,,,,,,
Java island,,,,,,
Gulmi,,,,,,
North Shore,,,,,,
Kerr County’s,,,,,,
Kansas City,,,,,,
Lebanon,,,,,,
Ocracoke Island,,,,,,
Kedah,,,,,,
the Mississippi River,,,,,,
Des Moines,,,,,,
Bhairahawa,,,,,,
Guizhou,,,,,,
Dauphin Island,,,,,,
Mount Airy,,,,,,
Southwestern Pennsylvania,,,,,,
Mediterranean,,,,,,
Kohima,,,,,,
Formentera,,,,,,
Nagaland,,,,,,
Florence,,,,,,
Haiti,,,,,,
Port Macquarie's,,,,,,
Typhoon Wipha,,,,,,
Mechelen,,,,,,
the Upper West Side,,,,,,
the Atlantic Inn,,,,,,
Okhaldhunga,,,,,,
Scarborough,,,,,,
The Village of Cary,,,,,,
Black Rock City,,,,,,
Ganyliel,,,,,,
Mississippi River,,,,,,
Swannanoa,,,,,,
Western North Carolina,,,,,,
Northern Virginia,,,,,,
Arlington County,,,,,,
Boise,,,,,,
ORLANDO,,,,,,
the Gulf Coast,,,,,,
Leicester,,,,,,
DAUPHIN ISLAND,,,,,,
Somalias,,,,,,
MOGADISHU,,,,,,
Valley,,,,,,
Panyijiar County,,,,,,
Finger Lakes,,,,,,
Tamil Nadu,,,,,,
the Korle Lagoon,,,,,,
Major River Flooding,,,,,,
Tawi river,,,,,,
the Kathmandu Valley,,,,,,
Frankfurt,,,,,,
the Ottawa River,,,,,,
the Kali Gandaki River,,,,,,
Wis.,,,,,,
Vrije Universiteit Amsterdam,,,,,,
Wicklow,,,,,,
St. John's,,,,,,
Bacolod City,,,,,,
Multiple States,,,,,,
Australias east,,,,,,
Green Bay,,,,,,
Gulf tropical,,,,,,
Hunter,,,,,,
KARACHI,,,,,,
Var,,,,,,
Hioki City,,,,,,
Kagoshima Prefecture,,,,,,
York,,,,,,
Peoria,,,,,,
the Arabian Sea,,,,,,
the Tamor Corridor,,,,,,
the Murray Basin,,,,,,
Mid-Hill,,,,,,
Hawaii County,,,,,,
Swabi,,,,,,
West Nusa,,,,,,
Tenggara,,,,,,
the Surwal Dam,,,,,,
Churachandpur,,,,,,
Pushpalal,,,,,,
Albermarle County,,,,,,
Texas county,,,,,,
Lake Lure,,,,,,
Far East,,,,,,
Gulmi district,,,,,,
the Bow River,,,,,,
fla,,,,,,
Taman Bukit Kemuning,,,,,,
Chapel Hill,,,,,,
Mataram City,,,,,,
the South San Gabriel River,,,,,,
South Halmahera,,,,,,
Tehran,,,,,,
Yazoo Backwater,,,,,,
Adamawa,,,,,,
Yola,,,,,,
Rajouri,,,,,,
NJ,,,,,,
Stockholm,,,,,,
Romania,,,,,,
Mexicos,,,,,,
Acapulco,,,,,,
MEMPHIS,,,,,,
Hampton Roads,,,,,,
Harsil Valley,,,,,,
the Gulf of Mexico,,,,,,
"Southwest
",,,,,,
Uttarkashi,,,,,,
Zhaoqing city,,,,,,
the United States National Hurricane Center,,,,,,
Rasuwa,,,,,,
Sindhupalchok,,,,,,
Kananaskis,,,,,,
G7 Summit,,,,,,
Metro Detroit,,,,,,
Hartford,,,,,,
Mangaluru,,,,,,
the Mississippi Delta's,,,,,,
the United Kingdom,,,,,,
LANCASTER,,,,,,
Mandi,,,,,,
Hebei province,,,,,,
New York Citys,,,,,,
LIRR,,,,,,
Queens NYC,,,,,,
Nairobi,,,,,,
The Beas River,,,,,,
Florida Everglades,,,,,,
the Broad River,,,,,,
Sirmaur,,,,,,
the Pacific coast,,,,,,
the Beas River,,,,,,
Lancaster,,,,,,
Manheim Borough,,,,,,
LANCASTER COUNTY,,,,,,
May.,,,,,,
the Banke district,,,,,,
Kangra,,,,,,
Broșteni,,,,,,
the Dhansiri River,,,,,,
Bengkulu,,,,,,
South Sumatra,,,,,,
Panbari,,,,,,
Ramnath Colony,,,,,,
Eastern Cape Province,,,,,,
Queens,,,,,,
Texas Hill County,,,,,,
KERR COUNTY,,,,,,
The City of Apopka,,,,,,
Merida,,,,,,
Laputa,,,,,,
Chimney Rock Village,,,,,,
Hokuriku,,,,,,
the Fairfield County Emergency Management Agency,,,,,,
Coronado,,,,,,
the Guadalupe River at Comfort,,,,,,
the North Atlantic Ocean,,,,,,
Moscow,,,,,,
ATLANTA,,,,,,
Hong Kong’s,,,,,,
Chiang Rai province,,,,,,
Empire State,,,,,,
Burundi,,,,,,
NY,,,,,,
Syria,,,,,,
Delhi-NCR,,,,,,
Samaritan,,,,,,
Mustang,,,,,,
Hino et al.,,,,,,
the NSW Mid North Coast,,,,,,
the South China Sea,,,,,,
RV,,,,,,
Assam,,,,,,
north east,,,,,,
the Kanawha River Basin,,,,,,
Arunachal Pradesh,,,,,,
Chositi,,,,,,
Fort Myers,,,,,,
the Virgin Islands,,,,,,
Lee County,,,,,,
Tioga County,,,,,,
Austin,,,,,,
Newark Valley,,,,,,
Swiss valley,,,,,,
Alpine,,,,,,
Southeast Texas,,,,,,
the Eastern United States,,,,,,
Noida,,,,,,
NCR,,,,,,
the Sea of Japan coast,,,,,,
Nagpur,,,,,,
Nebraska,,,,,,
Myagdi,,,,,,
Doti,,,,,,
Dhaulagiri Rural,,,,,,
CAPE,,,,,,
Northeast Side,,,,,,
Longhorn,,,,,,
Montreal,,,,,,
The Village of Ruidoso,,,,,,
SAN ANTONIO,,,,,,
Rio Ruidoso,,,,,,
Manchester,,,,,,
Kent,,,,,,
Scotland,,,,,,
the Eastern Cape Province of South Africa,,,,,,
the Myagdi River,,,,,,
Hebei,,,,,,
The New Republic,,,,,,
Butler County,,,,,,
Honshu,,,,,,
Minneapolis,,,,,,
Rio Ruidoso's,,,,,,
northwest Lancaster County,,,,,,
the Buri Dehing River,,,,,,
Lubbock,,,,,,
South Tripura,,,,,,
North East,,,,,,
Odessa,,,,,,
The United States,,,,,,
Thasang Rural Municipality,,,,,,
Midstate,,,,,,
Lagos,,,,,,
the Sargasso Sea,,,,,,
Devon,,,,,,
Laidley,,,,,,
The West Coast,,,,,,
Albany,,,,,,
Pisa,,,,,,
Ottawa,,,,,,
Andes,,,,,,
Cordillera,,,,,,
Blanca,,,,,,
Huaraz,,,,,,
Fraser Island,,,,,,
the Tennessee River,,,,,,
Outaouais,,,,,,
MADRID,,,,,,
Drummondville,,,,,,
Andalusia,,,,,,
Kampung,,,,,,
Akute,,,,,,
Cornwall,,,,,,
Iperu,,,,,,
Rancho Palos Verdes,,,,,,
EUROPE,,,,,,
Brussels,,,,,,
Sukamahi Dam,,,,,,
Australia&#039;s east coast,,,,,,
Brooklyn,,,,,,
Gowanus,,,,,,
the Northern Rivers,,,,,,
Sukabumi District,,,,,,
Ein Gedi,,,,,,
Jalpaiguri,,,,,,
Sukamahi,,,,,,
Bahia,,,,,,
BEAUFORT,,,,,,
Sindh,,,,,,
Pontian,,,,,,
the Sunshine Coast,,,,,,
the east coast,,,,,,
Argentinas,,,,,,
Chalkidiki,,,,,,
Thessaloniki,,,,,,
the Old Continent,,,,,,
Globe,,,,,,
Mexico City,,,,,,
Charlotte,,,,,,
Indianapolis,,,,,,
South Island,,,,,,
the North Island,,,,,,
Paros,,,,,,
Crete,,,,,,
Outback,,,,,,
the Central Plains,,,,,,
Paros island,,,,,,
the Gulf of,,,,,,
Atmospheric River,,,,,,
New York City's,,,,,,
Lake City,,,,,,
Amritsar,,,,,,
SA,,,,,,
Middle Tennessee,,,,,,
Ore.,,,,,,
Capitol Hill,,,,,,
Sungai Kaiduan,,,,,,
Atmospheric River Flooding,,,,,,
Kalimantan,,,,,,
Berau District,,,,,,
Bongawan,,,,,,
Thargomindah,,,,,,
Kluang,,,,,,
JB,,,,,,
Huntington,,,,,,
Taman,,,,,,
Indah,,,,,,
Hualien,,,,,,
Pahang,,,,,,
Redlands,,,,,,
Coachella Valley,,,,,,
Typhoon Ragasa,,,,,,
Solukhumbu,,,,,,
Black Sea,,,,,,
Hong Kongs,,,,,,
North Carolina’s,,,,,,
Beaverton,,,,,,
Barstow,,,,,,
Hyderabad,,,,,,
Kara,,,,,,
Isheri,,,,,,
Ogun River,,,,,,
Taunggyi,,,,,,
Cairns,,,,,,
Atmospheric river,,,,,,
JERUSALEM,,,,,,
West Midlands,,,,,,
Shan State,,,,,,
Hsihseng,,,,,,
Monsoon,,,,,,
Hopong,,,,,,
Pong Inn,,,,,,
Cardwell,,,,,,
Pacific Coast,,,,,,
Pacific Coast Highway,,,,,,
SAN FRANCISCO,,,,,,
Eugowra,,,,,,
Central West,,,,,,
Marin County,,,,,,
the Alau Dam,,,,,,
Penampang,,,,,,
Western Alaska,,,,,,
Huehuetla,,,,,,
Downdetector,,,,,,
the Tule River Tribe,,,,,,
LONDON,,,,,,
Hispaniola,,,,,,
Mecca,,,,,,
Saudi Arabia,,,,,,
the Caribbean Sea,,,,,,
Madagascar,,,,,,
Hiroshima,,,,,,
Cuba,,,,,,
Saratok district,,,,,,
Carolina,,,,,,
Indonesias,,,,,,
INDONESIA,,,,,,
Vadodara,,,,,,
Idaho,,,,,,
Betong,,,,,,
the Mediterranean Sea,,,,,,
Mudslides,,,,,,
Putatan,,,,,,
CHARLESTON,,,,,,
Minnesota,,,,,,
the Burin Peninsula,,,,,,
Dubai,,,,,,
Kumalak River,,,,,,
Latrobe,,,,,,
Tasmania,,,,,,
Typhoon Matmo,,,,,,
the South West,,,,,,
BOTSWANA,,,,,,
Lancaster city,,,,,,
Avalon Peninsula,,,,,,
Guiana,,,,,,
the North Fork,,,,,,
Pontypridd,,,,,,
the Roshi River,,,,,,
Ramdhuni,,,,,,
Sacramento,,,,,,
Indian Ocean,,,,,,
PARIS,,,,,,
Paitan,,,,,,
SEOUL,,,,,,
San Luis Obispo County,,,,,,
Buchanan County,,,,,,
East Texas,,,,,,
Westchester County,,,,,,
PORTSMOUTH,,,,,,
the Feme River,,,,,,
Bay Area,,,,,,
Santa Barbara,,,,,,
Babar Mahal,,,,,,
the East Ocean View,,,,,,
NORFOLK,,,,,,
West London,,,,,,
LA County,,,,,,
Western Australia,,,,,,
Malibu,,,,,,
East Bengaluru,,,,,,
Bowling Green,,,,,,
PITTSBURGH,,,,,,
the Rocky Mountains,,,,,,
West Texas,,,,,,
DYERSBURG,,,,,,
Sagamu,,,,,,
eastern Pennsylvania,,,,,,
the West bank,,,,,,
Tailfin,,,,,,
Floridas,,,,,,
The Ohio River,,,,,,
North Barito District,,,,,,
Central Kalimantan Province,,,,,,
Cambodia,,,,,,
Ethiopia,,,,,,
Bayou La Batre,,,,,,
Bomba,,,,,,
Sudan,,,,,,
the Sultanah Aminah Hospital,,,,,,
Salal Dam,,,,,,
Appalachian Mountains,,,,,,
the Ohio River,,,,,,
the Klang Valley,,,,,,
ADEN,,,,,,
Glacial lake,,,,,,
WINDHOEK,,,,,,
Ohangwena,,,,,,
Kanagawa,,,,,,
BISSAU,,,,,,
Meituan,,,,,,
States,,,,,,
Munich,,,,,,
Orlando,,,,,,
Orange Beach,,,,,,
DeLand,,,,,,
Outback Queensland,,,,,,
VOLUSIA COUNTY,,,,,,
Desert Southwest,,,,,,
Beaconsfield,,,,,,
Baja California,,,,,,
North Island,,,,,,
LISMORE,,,,,,
west coast,,,,,,
Mass.,,,,,,
Semisonic,,,,,,
BRUSSELS,,,,,,
James Bay Coast,,,,,,
Delta,,,,,,
landsli,,,,,,
Okla.,,,,,,
South Sulawesi Province,,,,,,
Luwu District,,,,,,
Shah Alam,,,,,,
North America,,,,,,
Mississippi river,,,,,,
Accra,,,,,,
the Tawi river,,,,,,
Wyoming County,,,,,,
the Democratic Republic of,,,,,,
the Cascadia Subduction Zone,,,,,,
UNITED STATES,,,,,,
the Democratic Republic of the Congo,,,,,,
Ndjili River,,,,,,
New Delhi's,,,,,,
LAHORE,,,,,,
New Delhis,,,,,,
the Central Coast,,,,,,
the Northern Territory,,,,,,
Greater Cincinnati,,,,,,
Canberra,,,,,,
Paducah,,,,,,
Texas City,,,,,,
The City of Kerrville,,,,,,
municip,,,,,,
Yakutia,,,,,,
Oman,,,,,,
Una,,,,,,
Gemini,,,,,,
Center Point,,,,,,
glacial lakes,,,,,,
Oluwasinaayomi,,,,,,
New Jerseys,,,,,,
LEESBURG,,,,,,
Earth Island,,,,,,
NEW MEXICO,,,,,,
Tianjin,,,,,,
Pyongyang,,,,,,
Trans-Yamuna,,,,,,
Beijin,,,,,,
Mexic,,,,,,
downpour,,,,,,
TV):UPDATE,,,,,,
CHINA,,,,,,
N.J,,,,,,
SoHo street,,,,,,
Vishwamitri River,,,,,,
Hathnikund,,,,,,
Southern New,,,,,,
Yakutia Republic,,,,,,
Wazirabad,,,,,,
Miyun,,,,,,
Beijings,,,,,,
the south east,,,,,,
Ferozepur,,,,,,
SAN JUAN COUNTY,,,,,,
Pacific Ocean,,,,,,
NAROWAL,,,,,,
San Diego Bay Area,,,,,,
the Northeast Monsoon,,,,,,
Jharkhand,,,,,,
La Niña,,,,,,
Kamchatka Peninsula,,,,,,
the Indus River,,,,,,
Fort Bragg,,,,,,
Russias Kamchatka Peninsula,,,,,,
the Chicago River,,,,,,
Banke,,,,,,
Chengde city,,,,,,
"South West
",,,,,,
VIETNAM,,,,,,
Severo-Kurilsk,,,,,,
South West,,,,,,
distric,,,,,,
Jammus,,,,,,
BACOLOD,,,,,,
Sou…,,,,,,
Rasuwagadhi,,,,,,
Ladakh,,,,,,
east Wales,,,,,,
Anadolu,,,,,,
Strip,,,,,,
New ... NEW DELHI/ISLAMABAD,,,,,,
Russian Far East,,,,,,
SLO County,,,,,,
NEW DELHI/ISLAMABAD,,,,,,
Melbourne,,,,,,
BACOLOD CITY,,,,,,
Alicante,,,,,,
Jamaliwala,,,,,,
the Mid North Coast of NSW,,,,,,
the Empire Wind,,,,,,
Priscilla,,,,,,
the Middle East,,,,,,
Rasuwaga,,,,,,
Patagonia,,,,,,
Gilgit-Baltistan,,,,,,
Forest of Dean,,,,,,
Antrim,,,,,,
Korea,,,,,,
the West Mid,,,,,,
Opp,,,,,,
Communities,,,,,,
Mississippi city,,,,,,
Jhelum,,,,,,
Imperial Valley,,,,,,
Miss.,,,,,,
south Haryana,,,,,,
Westmoreland,,,,,,
Montgomery County,,,,,,
South Asia's,,,,,,
Mandeville Canyon,,,,,,
BULACAN,,,,,,
Bulacan,,,,,,
Gapyeong,,,,,,
Wayne,,,,,,
Chennai,,,,,,
POZA RICA,,,,,,
Nepal Village,,,,,,
Kashmirs Jammu,,,,,,
Corpus Christi,,,,,,
Washington DC,,,,,,
Rocky Broad River,,,,,,
Ethereum,,,,,,
Chimney Rock,,,,,,
stablecoin,,,,,,
Stablecoin,,,,,,
Louise Hays Park,,,,,,
Kingston South East,,,,,,
monsoon,,,,,,
eastern province's,,,,,,
Robe,,,,,,
Typhoon Halong’s,,,,,,
Jhang,,,,,,
Sutlej,,,,,,
Luzon,,,,,,
Typhoon Halong's,,,,,,
the Imperial Valley,,,,,,
Larchung Village,,,,,,
Himalayan glacial,,,,,,
Kajiki,,,,,,
Chengde City,,,,,,
Shanxi province,,,,,,
Doveton,,,,,,
Alaskas,,,,,,
Millennium City,,,,,,
Phidim,,,,,,
Ticino,,,,,,
Venice,,,,,,
Miyun district,,,,,,
Kasur,,,,,,
Vishwamitri river,,,,,,
Lydney,,,,,,
Virginia Beach,,,,,,
Srinagar,,,,,,
the Jersey Shore,,,,,,
Idukki district,,,,,,
Norfolk,,,,,,
the Chenab River,,,,,,
East Coast With Floods,,,,,,
Larchung village,,,,,,
J&K,,,,,,
Sancheong county,,,,,,
Armagh,,,,,,
Poza Rica,,,,,,
the Hewa Rive… PANCHTHAR,,,,,,
Veracruz,,,,,,
Newcastle County,,,,,,
riverside communities,,,,,,
Chapula,,,,,,
Chenab River,,,,,,
Pakhtunkhwa province t,,,,,,
Pagosa Springs,,,,,,
Reasi district,,,,,,
Archuleta County Sheriff,,,,,,
the Mississippi Sound,,,,,,
Northern Cal,,,,,,
Atlantic City,,,,,,
West El Paso,,,,,,
PUNJAB,,,,,,
Breadbasket Of Punjab,,,,,,
Alexander County,,,,,,
Super Typhoon Ragasa,,,,,,
Zambada,,,,,,
Sinaloa,,,,,,
Fukuoka Prefecture,,,,,,
the U.S. East Coast,,,,,,
Türkiyes Black Sea,,,,,,
Southeast Wisconsin,,,,,,
Majha,,,,,,
Togoshi Ginza,,,,,,
Ocracoke Islands,,,,,,
Gurdaspur,,,,,,
Ill.,,,,,,
San Bernardino C,,,,,,
San Bernardino County,,,,,,
Tamana,,,,,,
Nagasu,,,,,,
GILGIT,,,,,,
Forest Falls,,,,,,
San Bernardino County Fire Protection District,,,,,,
San Bernardino,,,,,,
str…,,,,,,
Babuyan,,,,,,
SC,,,,,,
South Carolinas,,,,,,
Rosemont,,,,,,
CARY,,,,,,
"Long Island
",,,,,,
Sea of Japan coast,,,,,,
HUNTINGTON,,,,,,
Torrential monsoon,,,,,,
Rawalpindi city,,,,,,
Buner,,,,,,
Chinas Gansu province,,,,,,
Southern China,,,,,,
GUANGZHOU,,,,,,
Space City,,,,,,
Pakhtunkhwa province,,,,,,
Pingtou,,,,,,
Indias Uttarakhand,,,,,,
OpenAI,,,,,,
U.S. East Coast,,,,,,
Luvenia Brown,,,,,,
GPT-5,,,,,,
ANCHORAGE,,,,,,
Zomato,,,,,,
Swiggy,,,,,,
Hatteras,,,,,,
Puerto Rico Erin,,,,,,
Podul Skirts City,,,,,,
Battery Park City,,,,,,
Hong …,,,,,,
Park City,,,,,,
Northern Irel,,,,,,
Västernorrland,,,,,,
the Iril River,,,,,,
the Atlantic Ocean,,,,,,
Emery County S,,,,,,
Virgin Islands,,,,,,
Java&rsquo;s northern,,,,,,
Khyber Pakhtunkhwa,,,,,,
Indian Himalayas,,,,,,
Indian Kashmir Mountain Village,,,,,,
GREEN RIVER,,,,,,
Chisoti,,,,,,
Chasoti,,,,,,
River Iril,,,,,,
Sg Kaiduan,,,,,,
Superstorm Sandy,,,,,,
Hong Kong Extends Record Rain Warnings,,,,,,
JUNEAU,,,,,,
West Allis,,,,,,
New Pakistan,,,,,,
Man City,,,,,,
Tropical Storm,,,,,,
the Island of the Gods,,,,,,
Man.,,,,,,
Manchester City,,,,,,
the North Bay,,,,,,
KHANEWAL,,,,,,
Abu Dhabi,,,,,,
ar,,,,,,
Cwmbwrla,,,,,,
Putrajaya,,,,,,
the South East Asian,,,,,,
Khaj,,,,,,
Ethelbert,,,,,,
São Vicente,,,,,,
the Mendenhall Glacier,,,,,,
Suicide Basin,,,,,,
WEST BEND,,,,,,
Breitbar,,,,,,
Fix Auckland,,,,,,
Sindh province,,,,,,
Ukraines Kharkiv,,,,,,
the Yorkshire Dales,,,,,,
Suceava County,,,,,,
BJP,,,,,,
Sherman Park,,,,,,
North India,,,,,,
the East Coast MOUNT,,,,,,
Darjeeling Hills,,,,,,
south Kashmir,,,,,,
Illam,,,,,,
SALT LAKE CITY,,,,,,
Uttar,,,,,,
TOOELE,,,,,,
BUCHAREST,,,,,,
Pulwama district,,,,,,
Salt,,,,,,
East Vidarbha,,,,,,
Aetoliko,,,,,,
Kashmir valley,,,,,,
Zakynthos,,,,,,
Rhodes,,,,,,
Hazard,,,,,,
Appalachian,,,,,,
New Yo,,,,,,
Darjeeling hills,,,,,,
Tala,,,,,,
Far East ',,,,,,
MOSCOW,,,,,,
Nile,,,,,,
Russias Far East coast,,,,,,
Central Texas Floods,,,,,,
GST,,,,,,
mideast,,,,,,
Liaoning,,,,,,
surroundi,,,,,,
Pacific basin,,,,,,
Dawn,,,,,,
Dehradun,,,,,,
Shandong,,,,,,
Kerr Countys,,,,,,
the Hudson Valley,,,,,,
ove…,,,,,,
eastern hill,,,,,,
Que,,,,,,
TAMPA,,,,,,
Rockaway Beach,,,,,,
Volusia,,,,,,
Tesasini,,,,,,
Zibi,,,,,,
Mahayuti,,,,,,
Hong Kong Sets Rainfall Record as Deluge Disrupts Flights,,,,,,
Tropical Storm Imelda,,,,,,
Scottsdale,,,,,,
Jalalpur Pirwala,,,,,,
Multan,,,,,,
Queen City,,,,,,
CHARLOTTE,,,,,,
Gila County,,,,,,
Phoenix,,,,,,
Ariz.,,,,,,
the Queen City,,,,,,
the Prairie Creek Watershed,,,,,,
JOHOR,,,,,,
Latvia,,,,,,
RIGA,,,,,,
Arizona GLOBE,,,,,,
Antwerp,,,,,,
Ga.,,,,,,
NEWTON COUNTY,,,,,,
Sidharth-Kiara,,,,,,
the Windy City,,,,,,
Erin,,,,,,
southw,,,,,,
Chilterns,,,,,,
Bedfo,,,,,,
eastern city,,,,,,
JALALPUR PIRWALA,,,,,,
UNIVERSITY CITY,,,,,,
North-East,,,,,,
The South Asian,,,,,,
Historic Mining Town,,,,,,
Mithi river,,,,,,
Southern Taiwan,,,,,,
North West Slopes,,,,,,
passe…,,,,,,
Maryland Heights,,,,,,
Chosei,,,,,,
MARYLAND,,,,,,
Yamaguchi Prefecture,,,,,,
the Korean Peninsula,,,,,,
rescu,,,,,,
Project,,,,,,
Kalabagh,,,,,,
Southern US,,,,,,
Thargom,,,,,,
Gulf of Mexico,,,,,,
LAKE CITY,,,,,,
Merthyr,,,,,,
Southern U.S.,,,,,,
an Atmospheric River,,,,,,
northeast Arkansas,,,,,,
west Tennessee,,,,,,
The North Island,,,,,,
Marlborough,,,,,,
Kampung Pengkalan Bukit,,,,,,
multiday,,,,,,
Aegean Sea,,,,,,
Cyclades,,,,,,
KY,,,,,,
Hopkinsville,,,,,,
Americ,,,,,,
ARKANSAS,,,,,,
Mississippi River Valley,,,,,,
Ohio River,,,,,,
the Mississippi River Valley,,,,,,
MONTEREY,,,,,,
The Kentucky River,,,,,,
San Jacinto,,,,,,
ISTANBUL,,,,,,
Miss,,,,,,
Getty,,,,,,
LITTLE ROCK,,,,,,
CENTRAL ARKANSAS,,,,,,
Central Arkansas,,,,,,
Southwest Ohio,,,,,,
Northern Kentucky,,,,,,
NKY,,,,,,
New … Rescue,,,,,,
East Kalimantan,,,,,,
Queenslands southwest,,,,,,
Northeast monsoon,,,,,,
SEATTLE,,,,,,
Marina Bay,,,,,,
the Amazon River,,,,,,
Palisades,,,,,,
Tenaga Nasional Bhd,,,,,,
K'tan,,,,,,
TMJ,,,,,,
Outback Qld,,,,,,
BOSTON,,,,,,
Liverpool,,,,,,
TALLMADGE,,,,,,
Munster,,,,,,
Wexford,,,,,,
Kilkenny,,,,,,
OSLO,,,,,,
Mount Robson Provincial Park,,,,,,
Central Queensland,,,,,,
Rio Grande Valley,,,,,,
Thargomi,,,,,,
Storm Babet,,,,,,
Midleton,,,,,,
Co Roscommon,,,,,,
Lough Funshinagh,,,,,,
Roscommon,,,,,,
Binance,,,,,,
Grande Valley,,,,,,
Cambridgeshire,,,,,,
El Niño,,,,,,
Small Island Developing States,,,,,,
Latin America &amp,,,,,,
Region,,,,,,
Latin America,,,,,,
Kentuck,,,,,,
the Paroo River,,,,,,
Farmington,,,,,,
the Democratic Republic of Congo's,,,,,,
West Bank,,,,,,
Seattle,,,,,,
Zeldin,,,,,,
North Seberang,,,,,,
Tanah Liat,,,,,,
Penanti,,,,,,
midwestern United States,,,,,,
East 47th,,,,,,
Dungog,,,,,,
Bal…,,,,,,
Easter weekend,,,,,,
the Tasman Sea,,,,,,
Tasman,,,,,,
Mount Taranaki,,,,,,
New Zealand North Islands,,,,,,
PORTLAND,,,,,,
Central Kalimantan's,,,,,,
North Barito,,,,,,
Jhelum River,,,,,,
Pacific Northwest coast,,,,,,
Christchurch,,,,,,
Cascadia,,,,,,
Americas,,,,,,
Central Park,,,,,,
Muzaffarabad,,,,,,
Southern Plains,,,,,,
west,,,,,,
the Southern Plains,,,,,,
Midwest-IX,,,,,,
Pendleton County,,,,,,
Butler,,,,,,
Central United States,,,,,,
Belonia,,,,,,
the Ozark Mountains,,,,,,
Las Vegas',,,,,,
ORANGE BEACH,,,,,,
the Middle of America,,,,,,
Hulu Langat,,,,,,
Klang,,,,,,
Petaling,,,,,,
Kajang,,,,,,
Puchong,,,,,,
Salsa,,,,,,
Tennessee Valley,,,,,,
Subang Jaya,,,,,,
Adelaide,,,,,,
Bullitt County,,,,,,
LEBANON JUNCTION,,,,,,
Tiny Gulf Town,,,,,,
Democratic Republic of Congo,,,,,,
the Democratic Republic of Co,,,,,,
Berhad,,,,,,
S Sulawesi's,,,,,,
Baldwin County,,,,,,
Lismore NSW,,,,,,
the Central United States,,,,,,
Ont.,,,,,,
South Dublin C,,,,,,
the Wicklow Mountains,,,,,,
Ulster,,,,,,
Leinster,,,,,,
River,,,,,,
Kakamega,,,,,,
Meath,,,,,,
Louth,,,,,,
South Florida,,,,,,
the Lagos Island,,,,,,
DRC,,,,,,
ACI Africa,,,,,,
Rajang River,,,,,,
JUPITER,,,,,,
Ijebu-Ode,,,,,,
Yemule River,,,,,,
the Milky W,,,,,,
Brittany,,,,,,
the Sacramento River,,,,,,
TEHAMA COUNTY,,,,,,
Borno State,,,,,,
CHP,,,,,,
Mendocino County,,,,,,
Hopland,,,,,,
the Russian River,,,,,,
Atmospheric River Rain,,,,,,
Russian River,,,,,,
Northeast Australia,,,,,,
NEW ORLEANS,,,,,,
"South Lanarkshire
",,,,,,
South Lanarkshire,,,,,,
Love,,,,,,
WV,,,,,,
SARAJEVO,,,,,,
Transylvania,,,,,,
San Fernand,,,,,,
Los Angeles',,,,,,
Santa Cruz,,,,,,
Noses Creek,,,,,,
the Klabava River,,,,,,
Transy,,,,,,
Birdsville,,,,,,
Sarajevo,,,,,,
Southern Californias,,,,,,
Shonga Rice F,,,,,,
Chinatown,,,,,,
Marina Barrage,,,,,,
The Bay Area,,,,,,
consu,,,,,,
Glasgow,,,,,,
WELLINGTON,,,,,,
the Green River,,,,,,
Kure City,,,,,,
Scott County,,,,,,
This Iowa County Is Ready For Anything,,,,,,
Indonesias Central Java province,,,,,,
Chollas Creek,,,,,,
Central America,,,,,,
Cleveland,,,,,,
Western Japan,,,,,,
Mediterranean Sea,,,,,,
Greater Manchester,,,,,,
Mayotte,,,,,,
Changi,,,,,,
the Pasor Percuma Ganu Kite,,,,,,
Hydroclimate,,,,,,
Engla,,,,,,
Scott County's,,,,,,
Mozambique,,,,,,
Shasta County,,,,,,
Éowyn,,,,,,
North Qld,,,,,,
Nanga Penyarai,,,,,,
Altadena,,,,,,
Philly,,,,,,
Bethesda,,,,,,
Innisfail,,,,,,
Bakun,,,,,,
Coral reef,,,,,,
Selangau,,,,,,
Serian,,,,,,
Queenslands coast,,,,,,
North Attleboro,,,,,,
the Tule River Indian Reservation,,,,,,
Somerset,,,,,,
the Upper Midwest,,,,,,
Mississippi valley,,,,,,
Eastern US,,,,,,
Lawrence,,,,,,
Nhill,,,,,,
FRANCE,,,,,,
Plaquemines,,,,,,
Southwest California,,,,,,
Southern,,,,,,
the NSW Northern Rivers,,,,,,
Logan,,,,,,
North Atlantic,,,,,,
the Lockyer Valley,,,,,,
Northern New South Wales,,,,,,
South East Queensland,,,,,,
QLD,,,,,,
Murwillumbah,,,,,,
the Tweed River,,,,,,
Selling Sunset,,,,,,
Los Angeles Tornado,,,,,,
Fraser Coast,,,,,,
Plantersville,,,,,,
Warewa,,,,,,
District,,,,,,
VALENCIA,,,,,,
MISSISSAUGA,,,,,,
the Mount Everest,,,,,,
Lane County,,,,,,
Fraser Island Retreat,,,,,,
the Great Plains,,,,,,
K'gari,,,,,,
Easter,,,,,,
ROME,,,,,,
Riverside County,,,,,,
Pico Rivera,,,,,,
WA,,,,,,
Port City,,,,,,
Grafton,,,,,,
the Warren County,,,,,,
indus,,,,,,
mont,,,,,,
Great Basin,,,,,,
Tianshan Region,,,,,,
Kumalak River Catchment,,,,,,
Great Northern Highwa,,,,,,
Long Beach,,,,,,
West Virgi,,,,,,
Riverland,,,,,,
West VirginiaThe,,,,,,
South Kor,,,,,,
RIVES,,,,,,
U.S. LOUISVILLE,,,,,,
Atlanta,,,,,,
Northern Plains,,,,,,
Mid-Wales,,,,,,
Vancouver Island,,,,,,
Ballina,,,,,,
West Java Province,,,,,,
batter east coast,,,,,,
New South,,,,,,
Chaba,,,,,,
Ciawi,,,,,,
Menucha Junction to Tzukim Junction,,,,,,
Menucha Junction,,,,,,
West Java's,,,,,,
Willow Creek,,,,,,
Gold Coast,,,,,,
Spains Gran Canaria,,,,,,
the Ogun River,,,,,,
Ogun State,,,,,,
Olympic Village,,,,,,
French Indian Ocean,,,,,,
INGLEWOOD,,,,,,
Lowndes County,,,,,,
Indus River,,,,,,
the United Arab Emirates,,,,,,
Allegheny,,,,,,
the Eastern Pacific,,,,,,
Eastern Pacific,,,,,,
Manheim,,,,,,
the Garden of Eden,,,,,,
Yellowstone,,,,,,
Xianfeng,,,,,,
Hubei,,,,,,
Chiques Creek,,,,,,
the River City,,,,,,
Ahmedabad,,,,,,
Tuxpan,,,,,,
the Gulf's Bay of Campeche,,,,,,
Richmond,,,,,,
Wilderness Lodge,,,,,,
Kempsey,,,,,,
Kuma,,,,,,
Bharad,,,,,,
San,,,,,,
Kerr county,,,,,,
Llano County,,,,,,
The Llano River,,,,,,
Kingsland,,,,,,
Llano River,,,,,,
Houston Texans,,,,,,
Dhansiri river,,,,,,
Deji,,,,,,
KXAN,,,,,,
rainfal,,,,,,
Timsbury,,,,,,
Stockbridge,,,,,,
Rukchui,,,,,,
Payala,,,,,,
Jalaka,,,,,,
Budhabalang,,,,,,
Serbia,,,,,,
Puerto Angel,,,,,,
West Virginia's,,,,,,
Chongqi,,,,,,
Hunan,,,,,,
Guangxi,,,,,,
HARTFORD,,,,,,
the Tijuana River,,,,,,
The Eastern Cape,,,,,,
Taman Bukit,,,,,,
Memphis,,,,,,
Mexicos Pacific,,,,,,
CBD,,,,,,
PUERTO ESCONDIDO,,,,,,
Mexicos Pacific coast,,,,,,
Chiapas,,,,,,
Marion,,,,,,
Borderland,,,,,,
Himachal Pradesh's,,,,,,
Pakistan PESHAWAR,,,,,,
northwest mountanious province,,,,,,
North … CHIMNEY ROCK,,,,,,
CHIMNEY ROCK,,,,,,
Border Lake,,,,,,
APOPKA,,,,,,
Apopka,,,,,,
accor,,,,,,
Bow River,,,,,,
Hermes,,,,,,
offic… JAMMU,,,,,,
Kathua,,,,,,
Rongjiang county,,,,,,
bangladesh,,,,,,
Tel Aviv,,,,,,
Centr,,,,,,
Shakira Donates Portion of Concert Proceeds to Victims & Families of Deadly Texas Floods,,,,,,
East-West Highway,,,,,,
Konkan,,,,,,
Comfort,,,,,,
Wimberley,,,,,,
Floodwater,,,,,,
Bronx,,,,,,
NEW YORK CITY - SEPTEMBER,,,,,,
Ingleside,,,,,,
Journalismfund Europe,,,,,,
New Jersey's,,,,,,
New Jersey Flash Flooding,,,,,,
New York G,,,,,,
New,,,,,,
New Jersey’s,,,,,,
Jefferson,,,,,,
Franklin County,,,,,,
Southeastern U.S.,,,,,,
Gulf coast,,,,,,
Koshi River Area,,,,,,
Kavrepalanchok,,,,,,
Kerrville City,,,,,,
New Dams,,,,,,
New Dam Construction,,,,,,
Kali Gandaki,,,,,,
Aleutian,,,,,,
Alaskaâs,,,,,,
South Chungcheong province,,,,,,
Waukesha Ai,,,,,,
York County,,,,,,
Thundery,,,,,,
Udupi,,,,,,
Kokkada village,,,,,,
Mannagundi,,,,,,
Mount Pleasant,,,,,,
southcentral,,,,,,
Gallinas,,,,,,
the Gallinas River,,,,,,
Presiden,,,,,,
Mānoa,,,,,,
Myagdi River,,,,,,
Narsala,,,,,,
Nav Kanya Nagar,,,,,,
SANTA FE,,,,,,
San Diego's,,,,,,
Mnoa,,,,,,
​Flooding,,,,,,
Vikings,,,,,,
Fort H,,,,,,
Cow Creek,,,,,,
Springfield,,,,,,
Haw River,,,,,,
ove… Central Texas,,,,,,
USA,,,,,,
Dhaulagiri Rural Municipality,,,,,,
ALBUQUERQUE,,,,,,
Texa,,,,,,
Rome,,,,,,
Vt.,,,,,,
Texa…,,,,,,
BC,,,,,,
the Fraser Valley,,,,,,
Republica,,,,,,
Texas County Flagged Need for,,,,,,
Scripps,,,,,,
Tx.,,,,,,
Mass,,,,,,
Nearmap,,,,,,
the North East,,,,,,
Point,,,,,,
Center,,,,,,
St. Johns River,,,,,,
possibl…,,,,,,
Crestview,,,,,,
Wichita,,,,,,
Southeast Michigan,,,,,,
Port Macquarie,,,,,,
eastern Australia,,,,,,
Eastern Australia Floods,,,,,,
Victoria,,,,,,
North Tablelands,,,,,,
South Wales,,,,,,
Manning River,,,,,,
NSW beaches,,,,,,
South Peninsular India,,,,,,
The Manning River,,,,,,
Goa,,,,,,
Pernem,,,,,,
El Nino/La Nina,,,,,,
Nutley Township’s,,,,,,
Flood Britain's,,,,,,
Guwahati Flooding,,,,,,
southeast coast,,,,,,
Eastern Australia,,,,,,
NSW Mid North Coast,,,,,,
Chom Thong,,,,,,
Chiang Mai's,,,,,,
Comal County,,,,,,
Bandera County,,,,,,
Bexar County,,,,,,
La Castellana,,,,,,
East Coast Begins Flood Cleanup as Waters Recede,,,,,,
MELBOURNE,,,,,,
Riverdale,,,,,,
NSW river,,,,,,
Phuket,,,,,,
recor,,,,,,
isolat,,,,,,
Juba,,,,,,
Co Wexford,,,,,,
Bristol,,,,,,
ALBEMARLE COUNTY,,,,,,
fl,,,,,,
Jasper,,,,,,
Hornellsville,,,,,,
Hartsville,,,,,,
Greenwood,,,,,,
La.,,,,,,
SHREVEPORT,,,,,,
AMMAN,,,,,,
Yellow River,,,,,,
Kentucky Derby,,,,,,
Ottawa River,,,,,,
Chenab river,,,,,,
Wellington,,,,,,
Selwyn,,,,,,
the East-West Highway,,,,,,
Ac,,,,,,
the Yellow River,,,,,,
Meyersdale,,,,,,
Southeast US,,,,,,
Pennsylv,,,,,,
Westernport BALTIMORE,,,,,,
Westernport,,,,,,
Allegany County,,,,,,
Lancaster Countys,,,,,,
the Coastal Empire,,,,,,
libxmp,,,,,,
the Yangtze River,,,,,,
Naples,,,,,,
Mid-AtlanticThe,,,,,,
Korat,,,,,,
The Gulf Coast,,,,,,
earth,,,,,,
Yenisei River,,,,,,
Klang River,,,,,,
Flooding Beaches,,,,,,
San Diego County,,,,,,
Irpin valley,,,,,,
Dipayal,,,,,,
Dadeldhura,,,,,,
Google Earth,,,,,,
The City of Dawson Creek,,,,,,
Dawson Creek,,,,,,
Bollywood,,,,,,
Russian Invasion,,,,,,
arctic,,,,,,
Jersey,,,,,,
Belagavi,,,,,,
Dharwad,,,,,,
Shaboozey,,,,,,
Southwestern Mexico,,,,,,
ALLEGHENY COUNTY,,,,,,
Perrin Beitel,,,,,,
Hainan Island,,,,,,
the Bay of Fundy,,,,,,
week Ireland,,,,,,
the Manning River's,,,,,,
West Virginia City,,,,,,
West Virgina,,,,,,
Fresno,,,,,,
West Sumatra,,,,,,
Mt Marapi's,,,,,,
Northern Ireland,,,,,,
San Antonio Floods,,,,,,
West Coast,,,,,,
San Antoni,,,,,,
Dover,,,,,,
San AntonioCNN,,,,,,
Lake Eyre Turns,,,,,,
expe,,,,,,
Mississippi Valley,,,,,,
N.S.,,,,,,
Alpine valley,,,,,,
Kamrup Metropolitan,,,,,,
Bangkok girds,,,,,,
Tura,,,,,,
Boko,,,,,,
Gijang River,,,,,,
Africas,,,,,,
Lakhimpur,,,,,,
kille,,,,,,
Cannes,,,,,,
the Alpine valley,,,,,,
Minna,,,,,,
Benue Rivers,,,,,,
Nigeriaon,,,,,,
the River Lonza,,,,,,
the Birch Glacier,,,,,,
Mizoram,,,,,,
FAIRVIEW,,,,,,
GUWAHATI,,,,,,
Lake Tanganyika’s,,,,,,
MONTREAL,,,,,,
Southern Nevada,,,,,,
Mid Coast,,,,,,
CM Sarma,,,,,,
North Carolina State University,,,,,,
the Serchio River,,,,,,
Mokwa Read,,,,,,
Mokwa city,,,,,,
Nujiang Lisu Autonomous Prefecture,,,,,,
Yunnan,,,,,,
Sikkim,,,,,,
Northeastern,,,,,,
Agartala,,,,,,
Tiffin Maza,,,,,,
the Dominican Republic,,,,,,
